<?xml version="1.0" encoding="UTF-8"?>
<window>
	<defaultcontrol always="true">9000</defaultcontrol>
	<include condition="!Skin.HasSetting(InitialSetUpRun)">DefaultInitialSetup</include>
	<onload>SetProperty(RefreshList,1,Home)</onload>
	<onload condition="!IsEmpty(Window(Home).Property(MenuItemSelected))">ClearProperty(MenuItemSelected,Home)</onload>
	<onload condition="!IsEmpty(Window(Home).Property(MenuItemActive))">ClearProperty(MenuItemActive,Home)</onload>
	<onload condition="!IsEmpty(Window(Home).Property(SubMenuBackground))">ClearProperty(SubMenuBackground,Home)</onload>
	<onload condition="!IsEmpty(Window(Home).Property(MenuBackground))">ClearProperty(MenuBackground,Home)</onload>
	<onload condition="Skin.HasSetting(EnableHolidayEffects) + System.Date(1-6,11-23)">Skin.Reset(EnableHolidayEffects)</onload>
	<onload condition="Skin.HasSetting(EnablePingWOL) + Skin.String(WOLPingTimer) + Skin.String(PingMacAddr)">AlarmClock(WOLPingAlarm,WakeOnLan($INFO[Skin.String(PingMacAddr)]),$INFO[Skin.String(WOLPingTimer)]:00,silent,loop)</onload>
	<onload condition="System.HasAddon(script.favourites)">RunScript(script.favourites)</onload>
	<onload condition="!Skin.HasSetting(DisableSlideShowArt) + IsEmpty(Window.Property(ArtistSlideshowRunning))">RunScript(script.artistslideshow, daemon=true)</onload>
	<onload condition="!Skin.String(WidgetPlaylistScript,Disabled) + Library.HasContent(Movies)">RunScript(script.randomandlastitems,type=Movie,limit=12,method=Random,playlist=special://skin/extras/Playlists/UnwatchedMovies.xsp,menu=UnWatched)</onload>
	<onload condition="!Skin.String(WidgetPlaylistScript,Disabled) + Skin.String(HomeMenu.1.Type,VideoPlayList)">RunScript(script.randomandlastitems,playlist=$INFO[Skin.String(HomeMenu.1.Data)],method=$INFO[WidgetPlaylistScript)],limit=12,unwatched=False,resume=False,property=HomePlaylistOne)</onload>
	<onload condition="!Skin.String(WidgetPlaylistScript,Disabled) + Skin.String(HomeMenu.2.Type,VideoPlayList)">RunScript(script.randomandlastitems,playlist=$INFO[Skin.String(HomeMenu.2.Data)],method=$INFO[WidgetPlaylistScript)],limit=12,unwatched=False,resume=False,property=HomePlaylistTwo)</onload>
	<onload condition="!Skin.String(WidgetPlaylistScript,Disabled) + Skin.String(HomeMenu.3.Type,VideoPlayList)">RunScript(script.randomandlastitems,playlist=$INFO[Skin.String(HomeMenu.3.Data)],method=$INFO[WidgetPlaylistScript)],limit=12,unwatched=False,resume=False,property=HomePlaylistThree)</onload>
	<onload condition="!Skin.String(WidgetPlaylistScript,Disabled) + Skin.String(HomeMenu.4.Type,VideoPlayList)">RunScript(script.randomandlastitems,playlist=$INFO[Skin.String(HomeMenu.4.Data)],method=$INFO[WidgetPlaylistScript)],limit=12,unwatched=False,resume=False,property=HomePlaylistFour)</onload>
	<onload condition="!Skin.String(WidgetPlaylistScript,Disabled) + Skin.String(HomeMenu.5.Type,VideoPlayList)">RunScript(script.randomandlastitems,playlist=$INFO[Skin.String(HomeMenu.5.Data)],method=$INFO[WidgetPlaylistScript)],limit=12,unwatched=False,resume=False,property=HomePlaylistFive)</onload>
	<onload condition="!Skin.String(WidgetPlaylistScript,Disabled) + Skin.String(HomeMenu.6.Type,VideoPlayList)">RunScript(script.randomandlastitems,playlist=$INFO[Skin.String(HomeMenu.6.Data)],method=$INFO[WidgetPlaylistScript)],limit=12,unwatched=False,resume=False,property=HomePlaylistSix)</onload>
	<onload condition="!Skin.String(WidgetPlaylistScript,Disabled) + Skin.String(HomeMenu.7.Type,VideoPlayList)">RunScript(script.randomandlastitems,playlist=$INFO[Skin.String(HomeMenu.7.Data)],method=$INFO[WidgetPlaylistScript)],limit=12,unwatched=False,resume=False,property=HomePlaylistSeven)</onload>
	<onload condition="!Skin.String(WidgetPlaylistScript,Disabled) + Skin.String(HomeMenu.8.Type,VideoPlayList)">RunScript(script.randomandlastitems,playlist=$INFO[Skin.String(HomeMenu.8.Data)],method=$INFO[WidgetPlaylistScript)],limit=12,unwatched=False,resume=False,property=HomePlaylistEight)</onload>
	<onload condition="!Skin.String(WidgetPlaylistScript,Disabled) + Skin.String(HomeMenu.9.Type,VideoPlayList)">RunScript(script.randomandlastitems,playlist=$INFO[Skin.String(HomeMenu.9.Data)],method=$INFO[WidgetPlaylistScript)],limit=12,unwatched=False,resume=False,property=HomePlaylistNine)</onload>
	<onload condition="!Skin.String(WidgetPlaylistScript,Disabled) + Skin.String(HomeMenu.10.Type,VideoPlayList)">RunScript(script.randomandlastitems,playlist=$INFO[Skin.String(HomeMenu.10.Data)],method=$INFO[WidgetPlaylistScript)],limit=12,unwatched=False,resume=False,property=HomePlaylistTen)</onload>
	<onload condition="!IsEmpty(Weather.Plugin) + !Weather.IsFetched">Weather.Refresh</onload>
	<onload condition="Window.Previous(Startup)">Control.Move(9000,$INFO[Skin.String(InitialMenuItem)])</onload>
	<onload condition="Skin.HasSetting(EnableAutoSave) + !IsEmpty(Window(Home).Property(EnableReLoadSkin))">ActivateWindow(1100)</onload>
	<controls>
		<include condition="!Skin.HasSetting(DisableDataService) + !Skin.HasSetting(HideHomeStats)">VideoNodeStatsList</include>
		<include>CommonBackground</include>
		<include condition="!Skin.HasSetting(HideRainDropEffect) | Skin.HasSetting(EnableHolidayEffects)">AnimatedBackgroundEffect</include>
		<control type="image">
			<left>0</left>
			<top>142r</top>
			<width>1280</width>
			<height>142</height>
			<texture>floor.png</texture>
			<colordiffuse>$VAR[MenuBarColor]</colordiffuse>
			<animation effect="fade" time="250" condition="Window.Previous(Home) + !Skin.HasSetting(DisableAnimations)">WindowOpen</animation>
			<animation effect="fade" time="250" condition="Window.Next(Home) !Skin.HasSetting(DisableAnimations)">WindowClose</animation>
		</control>
		<include condition="!Skin.HasSetting(UltraLowMenuBar)">HomeAddonSystem</include>
		<control type="group" id="601">
			<left>31</left>
			<top>118</top>
			<animation effect="zoom" start="0" end="100" center="auto" time="300" delay="1000" easing="out" tween="sine" condition="!Skin.HasSetting(DisableAnimations)">WindowOpen</animation>
			<animation effect="zoom" start="0" end="100" center="auto" time="300" delay="1000" easing="out" tween="sine" condition="!Skin.HasSetting(DisableAnimations)">Visible</animation>
			<animation effect="zoom" start="100" end="0" center="auto" time="200" easing="in" tween="sine" condition="!Skin.HasSetting(DisableAnimations)">Hidden</animation>
			<animation effect="zoom" start="100" end="0" center="auto" time="200" easing="out" tween="sine" condition="!Skin.HasSetting(DisableAnimations) + Skin.HasSetting(EnableCleanHome) + ![Control.HasFocus(9004) | Player.HasMedia | Control.HasFocus(510)]">Conditional</animation>
			<animation effect="fade" start="100" end="0" time="0" condition="Skin.HasSetting(DisableAnimations) + Skin.HasSetting(EnableCleanHome) + ![Control.HasFocus(9004) | Player.HasMedia | Control.HasFocus(510)]">Conditional</animation>
			<animation effect="slide" start="0,0" end="0,48" time="0" condition="Skin.HasSetting(UltraLowMenuBar)">Conditional</animation>
			<animation effect="slide" start="0,0" end="0,30" time="0" condition="Skin.HasSetting(EnableLowWidgetPanel) + !system.getbool(lookandfeel.enablerssfeeds) + Skin.HasSetting(HideHomeStats) + [!MusicPlayer.HasNext | Skin.HasSetting(HideNext5SongsInfo)]">Conditional</animation>
			<visible>!StringCompare(Container(9000).ListItem.Property(WidgetSet),Favourites)</visible>
			<visible>!Skin.HasSetting(HideExtendedWidget) | Player.HasMedia</visible>
			<visible>!StringCompare(Container(9000).ListItem.Property(HiLiteItem),FullScreen)</visible>
			<visible>
				Player.HasMedia + !Skin.HasSetting(HideNowPlayingWidget) | Control.HasFocus(510) |
				![Skin.HasSetting(HideSuggestedInfo) | Player.HasMedia] + !IsEmpty(Window(home).Property(RecommendedMovie.1.Title)) + SubString(Container(9000).ListItem.Property(WidgetSet),Movies,Right) |
				![Skin.HasSetting(HideSuggestedInfo) | Player.HasMedia] + !IsEmpty(Window(home).Property(RecommendedEpisode.1.Title)) + SubString(Container(9000).ListItem.Property(WidgetSet),Episodes,Right) |
				![Skin.HasSetting(HideSuggestedInfo) | Player.HasMedia] + !IsEmpty(Window(home).Property(RecommendedMusicVideo.1.Title)) + SubString(Container(9000).ListItem.Property(WidgetSet),Concerts,Right) |
				![Skin.HasSetting(HideSuggestedInfo) | Player.HasMedia] + StringCompare(Container(9000).ListItem.Property(WidgetSet),Weather)
			</visible>
			<include condition="!Skin.HasSetting(HideArtistArtOSD)">ArtistExtraFanArt</include>
			<control type="image">
				<left>471</left>
				<top>152</top>
				<width>550</width>
				<height>24</height>
				<align>left</align>
				<texture>HorzWhiteBar.png</texture>
				<colordiffuse>C6FFFAF0</colordiffuse>
			</control>
			<control type="label">
				<left>510</left>
				<top>145</top>
				<width>459</width>
				<include>HomeFlagLabel</include>
				<label>$VAR[MediaPlayerDuration]</label>
				<animation effect="fade" start="100" end="0" time="750" condition="!Skin.HasSetting(DisableAnimations) + Player.HasMedia + System.IdleTime(8)">Conditional</animation>
				<visible>Player.HasMedia + !Control.HasFocus(510)</visible>
			</control>
			<control type="image">
				<left>-22</left>
				<top>90</top>
				<width>1260</width>
				<height>284</height>
				<texture>HomeWidgetInfo.png</texture>
				<colordiffuse>$VAR[MenuBarColor]</colordiffuse>
				<include condition="!Skin.HasSetting(DisableWidgetAdjust)">WidgetTransparency</include>
			</control>
			<control type="image">
				<left>-9</left>
				<top>101</top>
				<width>475</width>
				<height>262</height>
				<texture>fanartframe.png</texture>
			</control>
			<control type="multiimage">
				<left>6</left>
				<top>116</top>
				<width>444</width>
				<height>230</height>
				<timeperimage>8000</timeperimage>
				<randomize>true</randomize>
				<fadetime>1000</fadetime>
				<aspectratio>stretch</aspectratio>
				<imagepath background="true">$VAR[InfoWidgetFanArt]</imagepath>
			</control>
			<control type="videowindow" id="8">
				<left>6</left>
				<top>116</top>
				<width>444</width>
				<height>230</height>
				<aspectratio>stretch</aspectratio>
				<animation effect="slide" start="0,0" end="-2000,0" time="0" condition="!Skin.HasSetting(DisableAnimations)">WindowClose</animation>
				<visible>!Control.HasFocus(510)</visible>
			</control>
			<control type="image">
				<left>1042</left>
				<top>115</top>
				<width>165</width>
				<height>234</height>
				<aspectratio align="left" aligny="center">keep</aspectratio>
				<texture background="true">$VAR[InfoWidgetPoster]</texture>
				<bordertexture border="-29">posterframe.png</bordertexture>
				<fadetime>FanartCrossFadeTime</fadetime>
				<!--visible>![Player.HasMedia | Control.HasFocus(510)]</visible-->
				<visible>!StringCompare(Container(9000).ListItem.Property(WidgetSet),Weather) | !Skin.HasSetting(resource.images.weathericons.multi)</visible>
			</control>
			<control type="multiimage">
				<description>animated weather icon</description>
				<left>1042</left>
				<top>180</top>
				<width>165</width>
				<height>165</height>
				<imagepath>$VAR[WeatherWidgetMultiIconPoster]</imagepath>
				<timeperimage>100</timeperimage>
				<randomize>false</randomize>
				<fadetime>1</fadetime>
				<!--visible>![Player.HasMedia | Control.HasFocus(510)]</visible-->
				<visible>StringCompare(Container(9000).ListItem.Property(WidgetSet),Weather) + !IsEmpty(Skin.String(resource.images.weathericons.path)) + Skin.HasSetting(resource.images.weathericons.multi)</visible>
			</control>
			<control type="button" id="9004">
				<left>6</left>
				<top>115</top>
				<width>444</width>
				<height>234</height>
				<aligny>center</aligny>
				<onclick condition="Player.HasMedia">PlayerControl(Play)</onclick>
				<onclick condition="SubString(Container(9000).ListItem.Property(WidgetSet),Movies,Right) + !Player.HasMedia">$INFO[Window(home).Property(RecommendedMovie.1.Play)]</onclick>
				<onclick condition="SubString(Container(9000).ListItem.Property(WidgetSet),Episodes,Right) + !Player.HasMedia">$INFO[Window(home).Property(RecommendedEpisode.1.Play)]</onclick>
				<onclick condition="SubString(Container(9000).ListItem.Property(WidgetSet),Concerts,Right) + !Player.HasMedia">$INFO[Window(home).Property(RecommendedMusicVideo.1.Play)]</onclick>
				<onup>510</onup>
				<ondown condition="!Player.HasMedia">9000</ondown>
				<ondown condition="Player.HasMedia">607</ondown>
				<onleft>9000</onleft>
				<onright condition="!Player.HasMedia">510</onright>
				<onright condition="Player.HasMedia">610</onright>
				<texturefocus>-</texturefocus>
				<texturenofocus>-</texturenofocus>
				<colordiffuse>$VAR[MenuBarColor]</colordiffuse>
				<visible>Player.HasMedia |[!IsEmpty(Window.Property(RecommendedMovie.1.Title)) + SubString(Container(9000).ListItem.Property(WidgetSet),Movies,Right)]|[!IsEmpty(Window.Property(RecommendedEpisode.1.Title)) + SubString(Container(9000).ListItem.Property(WidgetSet),Episodes,Right)]|[!IsEmpty(Window.Property(RecommendedMusicVideo.1.Title)) + SubString(Container(9000).ListItem.Property(WidgetSet),Concerts,Right)]</visible>
			</control>
			<control type="image">
				<left>6</left>
				<top>115</top>
				<width>444</width>
				<height>234</height>
				<align>center</align>
				<aspectratio>stretch</aspectratio>
				<texture>black.png</texture>
				<animation effect="fade" time="300">Hidden</animation>
				<visible>Control.HasFocus(9004)</visible>
			</control>
			<control type="image">
				<left>180</left>
				<top>160</top>
				<width>100</width>
				<height>100</height>
				<align>center</align>
				<aspectratio>stretch</aspectratio>
				<texture>$VAR[WidgetPlayButton]</texture>
				<include>Animation_Fade</include>
				<visible>Control.HasFocus(9004)</visible>
			</control>
			<control type="label">
				<left>20</left>
				<top>265</top>
				<width>418</width>
				<height>30</height>
				<align>center</align>
				<font>font13</font>
				<textcolor>FFFFFAF0</textcolor>
				<label>$VAR[ResumeMediaTitle]</label>
				<scroll>true</scroll>
				<scrollout>false</scrollout>
				<visible>Control.HasFocus(9004)</visible>
			</control>
			<control type="label">
				<left>471</left>
				<top>110</top>
				<width>549</width>
				<height>30</height>
				<align>left</align>
				<font>font13_title</font>
				<textcolor>$VAR[SelectedColor]</textcolor>
				<label>$VAR[SuggestedMediaTitle]</label>
				<scroll>true</scroll>
				<scrollout>false</scrollout>
			</control>
			<control type="label">
				<left>471</left>
				<top>133</top>
				<width>549</width>
				<height>20</height>
				<align>left</align>
				<font>font10</font>
				<textcolor>grey</textcolor>
				<label>$VAR[InfoWidgetTagLine]</label>
				<scroll>true</scroll>
				<scrollout>false</scrollout>
			</control>
			<control type="grouplist">
				<left>480</left>
				<top>144</top>
				<orientation>horizontal</orientation>
				<itemgap>3</itemgap>
				<visible>Control.HasFocus(510)</visible>
				<!--control type="image">
					<width>50</width>
					<height>40</height>
					<align>center</align>
					<aligny>center</aligny>
					<aspectratio>keep</aspectratio>
					<texture>$VAR[InfoWidgetMPAA]</texture>
					<colordiffuse>E4101010</colordiffuse>
					<fadetime>FanartCrossFadeTime</fadetime>
					<visible>SubString(Container(9000).ListItem.Property(WidgetSet),Movies,Right) | SubString(Container(9000).ListItem.Property(WidgetSet),Episodes,Right) | SubString(Container(9000).ListItem.Property(WidgetSet),Concerts,Right)</visible>
				</control-->
				<control type="label">
					<width>80</width>
					<include>HomeFlagLabel</include>
					<label>$INFO[Container(510).ListItem.Property(Mpaa)]</label>
					<scroll>true</scroll>
					<scrollout>false</scrollout>
					<visible>SubString(Container(9000).ListItem.Property(WidgetSet),Movies,Right) | SubString(Container(9000).ListItem.Property(WidgetSet),Episodes,Right) | SubString(Container(9000).ListItem.Property(WidgetSet),Concerts,Right)</visible>
				</control>
				<control type="label">
					<include>HomeFlagSeparator</include>
					<visible>SubString(Container(9000).ListItem.Property(WidgetSet),Movies,Right) | SubString(Container(9000).ListItem.Property(WidgetSet),Episodes,Right) | SubString(Container(9000).ListItem.Property(WidgetSet),Concerts,Right)</visible>
				</control>
				<control type="image">
					<width>80</width>
					<height>40</height>
					<align>center</align>
					<aligny>bottom</aligny>
					<aspectratio>keep</aspectratio>
					<texture fallback="rating0.png" colordiffuse="$VAR[MainColorOne]">$VAR[InfoWidgetVideoStar]</texture>
					<colordiffuse>FFFFFAF0</colordiffuse>
					<fadetime>FanartCrossFadeTime</fadetime>
					<visible>SubString(Container(9000).ListItem.Property(WidgetSet),Movies,Right) | SubString(Container(9000).ListItem.Property(WidgetSet),Episodes,Right) | SubString(Container(9000).ListItem.Property(WidgetSet),Concerts,Right) | StringCompare(Container(9000).ListItem.Property(WidgetSet),VideoPlayList)</visible>
				</control>
				<control type="image">
					<width>80</width>
					<height>40</height>
					<align>center</align>
					<aligny>bottom</aligny>
					<aspectratio>keep</aspectratio>
					<texture fallback="rating0.png" colordiffuse="$VAR[MainColorOne]">$VAR[InfoWidgetMusicStar]</texture>
					<colordiffuse>FFFFFAF0</colordiffuse>
					<fadetime>FanartCrossFadeTime</fadetime>
					<visible>SubString(Container(9000).ListItem.Property(WidgetSet),Albums,Right) | SubString(Container(9000).ListItem.Property(WidgetSet),Songs,Right) | StringCompare(Container(9000).ListItem.Property(WidgetSet),MusicPlayList)</visible>
				</control>
				<control type="label">
					<width>40</width>
					<include>HomeFlagLabel</include>
					<label>$VAR[InfoWidgetRating]</label>
					<scroll>true</scroll>
					<visible>!IsEmpty(Container(510).ListItem.Property(Rating)) | !IsEmpty(Container(510).ListItem.Rating)</visible>
				</control>
				<control type="label">
					<include>HomeFlagSeparator</include>
					<visible>
						SubString(Container(9000).ListItem.Property(WidgetSet),Movies,Right) | SubString(Container(9000).ListItem.Property(WidgetSet),Episodes,Right) | SubString(Container(9000).ListItem.Property(WidgetSet),Concerts,Right) | StringCompare(Container(9000).ListItem.Property(WidgetSet),VideoPlayList) |
						SubString(Container(9000).ListItem.Property(WidgetSet),Albums,Right) | SubString(Container(9000).ListItem.Property(WidgetSet),Songs,Right) | StringCompare(Container(9000).ListItem.Property(WidgetSet),MusicPlayList)
					</visible>
				</control>
				<control type="label">
					<width>80</width>
					<include>HomeFlagLabel</include>
					<label>$VAR[InfoWidgetYear]</label>
					<scroll>true</scroll>
					<visible>!IsEmpty(Container(510).ListItem.Property(Year)) | !IsEmpty(Container(510).ListItem.Year)</visible>
				</control>
				<control type="label">
					<include>HomeFlagSeparator</include>
					<visible>!IsEmpty(Container(510).ListItem.Property(Year)) | !IsEmpty(Container(510).ListItem.Year)</visible>
				</control>
				<control type="label">
					<width>190</width>
					<include>HomeFlagLabel</include>
					<label>$VAR[InfoWidgetStudio]</label>
					<scroll>true</scroll>
					<visible>!IsEmpty(Container(510).ListItem.Property(Studio)) | !IsEmpty(Container(510).ListItem.Studio)</visible>
				</control>
				<control type="label">
					<width>110</width>
					<include>HomeFlagLabel</include>
					<label>$VAR[InfoPanelRuntime]</label>
					<scroll>true</scroll>
					<visible>SubString(Container(9000).ListItem.Property(WidgetSet),Movies,Right) | SubString(Container(9000).ListItem.Property(WidgetSet),Episodes,Right) | SubString(Container(9000).ListItem.Property(WidgetSet),Concerts,Right) | StringCompare(Container(9000).ListItem.Property(WidgetSet),VideoPlayList)</visible>
				</control>
			</control>
			<control type="label">
				<left>480</left>
				<top>144</top>
				<width>440</width>
				<height>41</height>
				<align>left</align>
				<aligny>center</aligny>
				<font>font10</font>
				<textcolor>FF101010</textcolor>
				<label>$VAR[InfoWidgetRunTime]</label>
				<scroll>true</scroll>
				<scrollout>false</scrollout>
			</control>
			<control type="label">
				<left>471</left>
				<top>185</top>
				<width>549</width>
				<height>20</height>
				<align>left</align>
				<textcolor>grey</textcolor>
				<font>font10</font>
				<label>$VAR[InfoWidgetGenre]</label>
				<scroll>true</scroll>
				<scrollout>false</scrollout>
			</control>
			<control type="image">
				<left>471</left>
				<top>209</top>
				<width>549</width>
				<height>2</height>
				<align>left</align>
				<texture flipx="true">divider.png</texture>
				<visible>!Player.HasMedia | Control.HasFocus(510)</visible>
			</control>
			<control type="progress">
				<left>472</left>
				<top>209</top>
				<width>547</width>
				<height>3</height>
				<info>Player.Progress</info>
				<include>Animation_Fade</include>
				<visible>Player.HasMedia + !Control.HasFocus(510)</visible>
			</control>
			<control type="textbox">
				<left>471</left>
				<top>220</top>
				<width>549</width>
				<height>124</height>
				<align>justify</align>
				<label>$VAR[InfoWidgetPlot]</label>
				<textcolor>$VAR[MainColorTwo]</textcolor>
				<font>font12</font>
				<autoscroll delay="20000" time="3000" repeat="20000">!Skin.HasSetting(DisableAutoScroll)</autoscroll>
			</control>
			<control type="group" id="600">
				<left>6</left>
				<top>304</top>
				<ondown>9000</ondown>
				<onup>9004</onup>
				<defaultcontrol>607</defaultcontrol>
				<include>VisibleFadeEffect</include>
				<include>Window_OpenClose_Animation</include>
				<visible>Player.HasMedia + ![System.IdleTime(5) | Control.HasFocus(510)]</visible>
				<control type="image">
					<description>Background image</description>
					<left>0</left>
					<top>0</top>
					<width>444</width>
					<height>45</height>
					<texture>black-back.png</texture>
				</control>
				<control type="group">
					<visible>!VideoPlayer.Content(LiveTV)</visible>
					<control type="button" id="603">
						<left>62</left>
						<top>2</top>
						<width>40</width>
						<height>40</height>
						<texturefocus colordiffuse="$VAR[MainColorOne]">OSD/Focused.png</texturefocus>
						<texturenofocus>OSD/UnFocused.png</texturenofocus>
						<onleft>610</onleft>
						<onright>604</onright>
						<ondown>9000</ondown>
						<onup>9004</onup>
						<onclick>ActivateWindow(musicplaylist)</onclick>
						<enable>Player.HasAudio + !IsEmpty(MusicPlayer.offset(1).Artist)</enable>
					</control>
					<control type="image">
						<left>62</left>
						<top>2</top>
						<width>40</width>
						<height>40</height>
						<texture>OSD/OSDPlaylist.png</texture>
					</control>
					<control type="button" id="604">
						<left>102</left>
						<top>2</top>
						<width>40</width>
						<height>40</height>
						<texturefocus colordiffuse="$VAR[MainColorOne]">OSD/Focused.png</texturefocus>
						<texturenofocus>OSD/UnFocused.png</texturenofocus>
						<onleft>603</onleft>
						<onright>605</onright>
						<ondown>9000</ondown>
						<onup>9004</onup>
						<onclick>XBMC.PlayerControl(Previous)</onclick>
					</control>
					<control type="image">
						<left>102</left>
						<top>2</top>
						<width>40</width>
						<height>40</height>
						<texture>OSD/OSDPrevTrack.png</texture>
					</control>
					<control type="button" id="605">
						<left>142</left>
						<top>2</top>
						<width>40</width>
						<height>40</height>
						<texturefocus colordiffuse="$VAR[MainColorOne]">OSD/Focused.png</texturefocus>
						<texturenofocus>OSD/UnFocused.png</texturenofocus>
						<onleft>604</onleft>
						<onright>606</onright>
						<ondown>9000</ondown>
						<onup>9004</onup>
						<onclick>XBMC.PlayerControl(Rewind)</onclick>
					</control>
					<control type="image">
						<left>142</left>
						<top>2</top>
						<width>40</width>
						<height>40</height>
						<texture>OSD/OSDRewind.png</texture>
					</control>
					<control type="togglebutton" id="606">
						<left>182</left>
						<top>2</top>
						<width>40</width>
						<height>40</height>
						<texturefocus colordiffuse="$VAR[MainColorOne]">OSD/Focused.png</texturefocus>
						<texturenofocus>OSD/UnFocused.png</texturenofocus>
						<usealttexture>Player.Paused | Player.Forwarding | Player.Rewinding</usealttexture>
						<alttexturefocus colordiffuse="$VAR[MainColorOne]">OSD/Focused.png</alttexturefocus>
						<alttexturenofocus>OSD/UnFocused.png</alttexturenofocus>
						<onleft>605</onleft>
						<onright>607</onright>
						<ondown>9000</ondown>
						<onup>9004</onup>
						<onclick>XBMC.PlayerControl(Play)</onclick>
					</control>
					<control type="image">
						<left>182</left>
						<top>2</top>
						<width>40</width>
						<height>40</height>
						<texture>$VAR[PlayerOSDPlayBtn]</texture>
					</control>
					<control type="button" id="607">
						<left>222</left>
						<top>2</top>
						<width>40</width>
						<height>40</height>
						<texturefocus colordiffuse="$VAR[MainColorOne]">OSD/Focused.png</texturefocus>
						<texturenofocus>OSD/UnFocused.png</texturenofocus>
						<onleft>606</onleft>
						<onright>608</onright>
						<ondown>9000</ondown>
						<onup>9004</onup>
						<onclick>down</onclick>
						<onclick>XBMC.PlayerControl(Stop)</onclick>
					</control>
					<control type="image">
						<left>222</left>
						<top>2</top>
						<width>40</width>
						<height>40</height>
						<texture>OSD/OSDStop.png</texture>
					</control>
					<control type="button" id="608">
						<left>262</left>
						<top>2</top>
						<width>40</width>
						<height>40</height>
						<texturefocus colordiffuse="$VAR[MainColorOne]">OSD/Focused.png</texturefocus>
						<texturenofocus>OSD/UnFocused.png</texturenofocus>
						<onleft>607</onleft>
						<onright>609</onright>
						<ondown>9000</ondown>
						<onup>9004</onup>
						<onclick>XBMC.PlayerControl(Forward)</onclick>
					</control>
					<control type="image">
						<left>262</left>
						<top>2</top>
						<width>40</width>
						<height>40</height>
						<texture>OSD/OSDForward.png</texture>
					</control>
					<control type="button" id="609">
						<left>302</left>
						<top>2</top>
						<width>40</width>
						<height>40</height>
						<texturefocus colordiffuse="$VAR[MainColorOne]">OSD/Focused.png</texturefocus>
						<texturenofocus>OSD/UnFocused.png</texturenofocus>
						<onleft>608</onleft>
						<onright>610</onright>
						<ondown>9000</ondown>
						<onup>9004</onup>
						<onclick>XBMC.PlayerControl(Next)</onclick>
					</control>
					<control type="image">
						<left>302</left>
						<top>2</top>
						<width>40</width>
						<height>40</height>
						<texture>OSD/OSDNextTrack.png</texture>
					</control>
					<control type="button" id="610">
						<left>342</left>
						<top>2</top>
						<width>40</width>
						<height>40</height>
						<texturefocus colordiffuse="$VAR[MainColorOne]">OSD/Focused.png</texturefocus>
						<texturenofocus>OSD/UnFocused.png</texturenofocus>
						<onleft>609</onleft>
						<onright>603</onright>
						<ondown>9000</ondown>
						<onup>9004</onup>
						<onclick>fullscreen</onclick>
					</control>
					<control type="image">
						<left>342</left>
						<top>2</top>
						<width>40</width>
						<height>40</height>
						<texture>OSD/OSDFullScreen.png</texture>
					</control>
				</control>
				<control type="group">
					<visible>VideoPlayer.Content(LiveTV)</visible>
					<control type="button" id="603">
						<left>102</left>
						<top>2</top>
						<width>40</width>
						<height>40</height>
						<texturefocus colordiffuse="$VAR[MainColorOne]">OSD/Focused.png</texturefocus>
						<texturenofocus>OSD/UnFocused.png</texturenofocus>
						<onleft>610</onleft>
						<onright>606</onright>
						<ondown>9000</ondown>
						<onup>9004</onup>
						<onclick>XBMC.PlayerControl(Previous)</onclick>
					</control>
					<control type="image">
						<left>102</left>
						<top>2</top>
						<width>40</width>
						<height>40</height>
						<texture>OSD/OSDChannelUP.png</texture>
					</control>
					<control type="button" id="606">
						<left>142</left>
						<top>2</top>
						<width>40</width>
						<height>40</height>
						<texturefocus colordiffuse="$VAR[MainColorOne]">OSD/Focused.png</texturefocus>
						<texturenofocus>OSD/UnFocused.png</texturenofocus>
						<onleft>603</onleft>
						<onright>607</onright>
						<ondown>9000</ondown>
						<onup>9004</onup>
						<onclick>XBMC.PlayerControl(Next)</onclick>
					</control>
					<control type="image">
						<left>142</left>
						<top>2</top>
						<width>40</width>
						<height>40</height>
						<texture>OSD/OSDChannelDown.png</texture>
					</control>
					<control type="button" id="607">
						<left>182</left>
						<top>2</top>
						<width>40</width>
						<height>40</height>
						<texturefocus colordiffuse="$VAR[MainColorOne]">OSD/Focused.png</texturefocus>
						<texturenofocus>OSD/UnFocused.png</texturenofocus>
						<onleft>606</onleft>
						<onright>608</onright>
						<ondown>9000</ondown>
						<onup>9004</onup>
						<onclick>down</onclick>
						<onclick>XBMC.PlayerControl(Stop)</onclick>
					</control>
					<control type="image">
						<left>182</left>
						<top>2</top>
						<width>40</width>
						<height>40</height>
						<texture>OSD/OSDStop.png</texture>
					</control>
					<control type="togglebutton" id="608">
						<left>222</left>
						<top>2</top>
						<width>40</width>
						<height>40</height>
						<texturefocus colordiffuse="$VAR[MainColorOne]">OSD/Focused.png</texturefocus>
						<texturenofocus>OSD/UnFocused.png</texturenofocus>
						<usealttexture>Player.Paused | Player.Forwarding | Player.Rewinding</usealttexture>
						<alttexturefocus colordiffuse="$VAR[MainColorOne]">OSD/Focused.png</alttexturefocus>
						<alttexturenofocus>OSD/UnFocused.png</alttexturenofocus>
						<onleft>607</onleft>
						<onright>609</onright>
						<ondown>9000</ondown>
						<onup>9004</onup>
						<onclick>XBMC.PlayerControl(Play)</onclick>
						<enable>Player.PauseEnabled</enable>
						<animation effect="fade" start="100" end="30" time="100" condition="!Player.PauseEnabled">Conditional</animation>
					</control>
					<control type="image">
						<left>222</left>
						<top>2</top>
						<width>40</width>
						<height>40</height>
						<texture>$VAR[PlayerOSDPlayBtn]</texture>
						<animation effect="fade" start="100" end="30" time="100" condition="!Player.PauseEnabled">Conditional</animation>
					</control>
					<control type="button" id="609">
						<left>262</left>
						<top>2</top>
						<width>40</width>
						<height>40</height>
						<texturefocus colordiffuse="$VAR[MainColorOne]">OSD/Focused.png</texturefocus>
						<texturenofocus>OSD/UnFocused.png</texturenofocus>
						<onleft>608</onleft>
						<onright>610</onright>
						<ondown>9000</ondown>
						<onup>9004</onup>
						<onclick>XBMC.PlayerControl(record)</onclick>
					</control>
					<control type="image">
						<left>262</left>
						<top>2</top>
						<width>40</width>
						<height>40</height>
						<texture>OSD/OSDRecordOff.png</texture>
					</control>
					<control type="button" id="610">
						<left>302</left>
						<top>2</top>
						<width>40</width>
						<height>40</height>
						<texturefocus colordiffuse="$VAR[MainColorOne]">OSD/Focused.png</texturefocus>
						<texturenofocus>OSD/UnFocused.png</texturenofocus>
						<onleft>609</onleft>
						<onright>603</onright>
						<ondown>9000</ondown>
						<onup>9004</onup>
						<onclick>fullscreen</onclick>
					</control>
					<control type="image">
						<left>302</left>
						<top>2</top>
						<width>40</width>
						<height>40</height>
						<texture>OSD/OSDFullScreen.png</texture>
					</control>
				</control>
			</control>
		</control>
		<control type="group">
			<left>0</left>
			<top>478</top>
			<animation effect="slide" start="0,0" end="0,48" time="0" condition="Skin.HasSetting(UltraLowMenuBar)">Conditional</animation>
			<include>Window_OpenClose_Animation</include>
<!-- 			<control type="image">
				<left>0</left>
				<top>0</top>
				<width>1280</width>
				<height>40</height>
				<aspectratio>stretch</aspectratio>
				<texture>StatusBar.png</texture>
				<colordiffuse>$VAR[MenuBarColor]</colordiffuse>
				<visible>system.getbool(lookandfeel.enablerssfeeds) | !Skin.HasSetting(HideHomeStats) | [MusicPlayer.HasNext + !Skin.HasSetting(HideNext5SongsInfo)]</visible>
			</control> -->
			<control type="label">
				<left>10</left>
				<top>10</top>
				<height>30</height>
				<width>1260</width>
				<label>$VAR[InfoBarStats]</label>
				<align>right</align>
				<aligny>center</aligny>
				<font>font12</font>
				<textcolor>$VAR[MainColorOne]</textcolor>
				<shadowcolor>black</shadowcolor>
				<include condition="!Skin.HasSetting(DisableAnimations)">AnimatedStatsBar</include>
				<include condition="Skin.HasSetting(DisableAnimations)">StaticStatsBar</include>
				<visible>!Skin.HasSetting(HideHomeStats)</visible>
			</control>
			<control type="rss">
				<description>RSS feed</description>
				<left>0</left>
				<top>10</top>
				<height>30</height>
				<width>1300</width>
				<aligny>center</aligny>
				<font>font12</font>
				<urlset>1</urlset>
				<textcolor>$VAR[MainColorOne]</textcolor>
				<titlecolor>$VAR[MainColorOne]</titlecolor>
				<headlinecolor>$VAR[MainColorTwo]</headlinecolor>
				<include condition="!Skin.HasSetting(DisableAnimations)">AnimatedRSSBar</include>
				<include condition="Skin.HasSetting(DisableAnimations)">StaticRSSBar</include>
				<visible>system.getbool(lookandfeel.enablerssfeeds) + [!Player.HasAudio | Skin.HasSetting(HideNext5SongsInfo)]</visible>
			</control>
			<control type="fadelabel" id="1">
				<description>Next Five Songs</description>
				<left>0</left>
				<top>10</top>
				<height>30</height>
				<width>1280</width>
				<align>center</align>
				<scroll>true</scroll>
				<scrollout>true</scrollout>
				<scrollspeed>30</scrollspeed>
				<pauseatend>400</pauseatend>
				<label>$VAR[NextFiveSongScroller]</label>
				<font>font12</font>
				<textcolor>$VAR[MainColorTwo]</textcolor>
				<shadowcolor>black</shadowcolor>
				<animation effect="fade" time="200">VisibleChange</animation>
				<visible>MusicPlayer.HasNext + !Skin.HasSetting(HideNext5SongsInfo)</visible>
			</control>
		</control>
		<control type="group">
			<top>510</top>
			<animation effect="slide" start="0,0" end="0,48" time="0" condition="Skin.HasSetting(UltraLowMenuBar)">Conditional</animation>
			<include condition="!Skin.HasSetting(DisableAnimations)">AnimatedOpenWindow</include>
			<include>HomeSubMenuControl</include>
			<control type="image">
				<left>-100</left>
				<top>0</top>
				<width>1480</width>
				<height>60</height>
				<texture border="0,6,0,6">HomeBack.png</texture>
				<colordiffuse>$VAR[MenuBarColor]</colordiffuse>
			</control>
			<control type="image">
				<left>0</left>
				<top>5</top>
				<width>1280</width>
				<height>6</height>
				<texture>HomeOverlay1.png</texture>
				<colordiffuse>$VAR[MenuBarColor]</colordiffuse>
			</control>
			<include condition="Skin.HasSetting(WrapAroundHomeMenu)">WrapHomeMainMenu</include>
			<include condition="!Skin.HasSetting(WrapAroundHomeMenu)">FixedHomeMainMenu</include>
		</control>
		<control type="group">
			<visible>Control.IsVisible(602) | Control.HasFocus(510)</visible>
			<animation effect="slide" start="0,0" end="0,48" time="0" condition="Skin.HasSetting(UltraLowMenuBar) + Skin.HasSetting(EnableLowWidgetPanel) + !Control.IsVisible(601)">Conditional</animation>
			<animation effect="slide" start="0,0" end="0,30" time="0" condition="Skin.HasSetting(EnableLowWidgetPanel) + !Control.IsVisible(601) + !system.getbool(lookandfeel.enablerssfeeds) + Skin.HasSetting(HideHomeStats) + [!MusicPlayer.HasNext | Skin.HasSetting(HideNext5SongsInfo)]">Conditional</animation>
			<control type="image">
				<include condition="Skin.HasSetting(EnableLowWidgetPanel)">HomeWidgetVideoPosi</include>
				<include condition="!Skin.HasSetting(EnableLowWidgetPanel)">HomeWidgetHighPosi</include>
				<left>10</left>
				<width>1260</width>
				<height>545</height>
				<texture>$VAR[InfoWidgetPanel]</texture>
				<colordiffuse>$VAR[MenuBarColor]</colordiffuse>
				<fadetime>FanartCrossFadeTime</fadetime>
				<include condition="!Skin.HasSetting(DisableWidgetAdjust)">WidgetTransparency</include>
				<animation effect="fade" start="0" end="100" time="500" delay="3000" condition="!Skin.HasSetting(DisableAnimations) + Window.Previous(Startup)">WindowOpen</animation>
				<animation effect="slide" start="0,0" end="0,-400" time="400" easing="out" tween="sine" condition="!Skin.HasSetting(DisableAnimations) + Skin.HasSetting(EnableCleanHome) + !Control.HasFocus(510)">Conditional</animation>
				<animation effect="slide" start="0,0" end="0,-272" time="200" easing="out" tween="sine" condition="!Skin.HasSetting(DisableAnimations) + Skin.HasSetting(EnableLowWidgetPanel) + Control.IsVisible(601)">Conditional</animation>
				<include condition="Skin.HasSetting(DisableAnimations) + Skin.HasSetting(EnableCleanHome)">StaticTopWidget</include>
				<include>VideoWidgetVizability</include>
				<visible>!IsEmpty(Container(510).ListItem.Label) | Container(510).IsUpdating</visible>
			</control>
			<control type="image">
				<include condition="Skin.HasSetting(EnableLowWidgetPanel)">HomeWidgetMusicPosi</include>
				<include condition="!Skin.HasSetting(EnableLowWidgetPanel)">HomeWidgetHighPosi</include>
				<left>10</left>
				<width>1260</width>
				<height>545</height>
				<texture>$VAR[InfoWidgetPanel]</texture>
				<colordiffuse>$VAR[MenuBarColor]</colordiffuse>
				<fadetime>FanartCrossFadeTime</fadetime>
				<include condition="!Skin.HasSetting(DisableWidgetAdjust)">WidgetTransparency</include>
				<animation effect="fade" start="0" end="100" time="500" delay="3000" condition="!Skin.HasSetting(DisableAnimations) + Window.Previous(Startup)">WindowOpen</animation>
				<animation effect="slide" start="0,0" end="0,-400" time="400" easing="out" tween="sine" condition="!Skin.HasSetting(DisableAnimations) + Skin.HasSetting(EnableCleanHome) + !Control.HasFocus(510)">Conditional</animation>
				<animation effect="slide" start="0,0" end="0,-312" time="200" easing="out" tween="sine" condition="!Skin.HasSetting(DisableAnimations) + Skin.HasSetting(EnableLowWidgetPanel) + Control.IsVisible(601)">Conditional</animation>
				<include condition="Skin.HasSetting(DisableAnimations) + Skin.HasSetting(EnableCleanHome)">StaticTopWidget</include>
				<include>MusicWidgetVizability</include>
				<visible>!IsEmpty(Container(510).ListItem.Label) | Container(510).IsUpdating</visible>
			</control>
			<control type="multiimage">
				<description>Busy animation</description>
				<animation effect="slide" start="0,0" end="0,272" time="200" easing="out" tween="sine" condition="!Skin.HasSetting(DisableAnimations) + Skin.HasSetting(EnableLowWidgetPanel) + !Control.IsVisible(601)">Conditional</animation>
				<animation effect="slide" start="0,0" end="0,272" time="0" condition="Skin.HasSetting(DisableAnimations) + Skin.HasSetting(EnableLowWidgetPanel) + !Control.IsVisible(601)">Conditional</animation>
				<left>608</left>
				<top>94</top>
				<width>64</width>
				<height>64</height>
				<aspectratio>keep</aspectratio>
				<imagepath colordiffuse="$VAR[MainColorOne]">busy</imagepath>
				<timeperimage>100</timeperimage>
				<fadetime>0</fadetime>
				<include>WidgetPanelVizability</include>
				<visible>Container(510).IsUpdating</visible>
			</control>
		</control>
		<control type="group" id="602">
			<left>30</left>
			<animation effect="fade" start="0" end="100" time="400" delay="1000" condition="!Skin.HasSetting(DisableAnimations) + !Window.Previous(Startup)">WindowOpen</animation>
			<animation effect="fade" start="0" end="100" time="500" delay="3000" condition="!Skin.HasSetting(DisableAnimations) + Window.Previous(Startup)">WindowOpen</animation>
			<animation effect="fade" start="0" end="100" time="400" delay="1000">Visible</animation>
			<animation effect="fade" start="100" end="0" time="200" condition="!Skin.HasSetting(DisableAnimations)">Hidden</animation>
			<animation effect="slide" start="0,0" end="0,-400" time="400" easing="out" tween="sine" condition="!Skin.HasSetting(DisableAnimations) + Skin.HasSetting(EnableCleanHome) + !Control.HasFocus(510)">Conditional</animation>
			<animation effect="fade" start="100" end="0" time="0" condition="Skin.HasSetting(DisableAnimations) + Skin.HasSetting(EnableCleanHome) + !Control.HasFocus(510) + !Control.HasFocus(601)">Conditional</animation>
			<include>WidgetPanelVizability</include>
			<include condition="Library.HasContent(Movies)">WidgetMovieContent</include>
			<include condition="Library.HasContent(TVShows)">WidgetTVShowContent</include>
			<include condition="Library.HasContent(TVShows)">LandscapeTVShowContent</include>
			<include condition="Library.HasContent(MusicVideos)">WidgetConcertContent</include>
			<include condition="Library.HasContent(Music)">WidgetMusicContent</include>
			<!--include condition="Library.HasContent(Movies)">WidgetDynamicUnWatchedContent</include-->
			<include condition="!Skin.String(WidgetPlaylistScript,Disabled) + Library.HasContent(Movies)">WidgetUnWatchedContent</include>
			<include condition="!Skin.String(WidgetPlaylistScript,Disabled) + Library.HasContent(Movies)">WidgetVideoPlayListContent</include>
			<include condition="!Skin.String(WidgetPlaylistScript,Disabled) + Library.HasContent(Music)">WidgetMusicPlayListContent</include>
			<include condition="Library.HasContent(Movies)">WidgetSimilarMovieContent</include>
			<include condition="Library.HasContent(TVShows)">WidgetSimilarTVShowContent</include>
			<include condition="Library.HasContent(TVShows)">WidgetnextUpEpisodes</include>
			<include condition="!Skin.HasSetting(DisableTVNextAired)">WidgetNextAiredContent</include>
			<include condition="Skin.HasSetting(UPnP_Mode)">WidgetUPnPVideoContent</include>
			<include condition="Skin.HasSetting(UPnP_Mode)">WidgetUPnPMusicContent</include>
			<include>WidgetVideoNodeContent</include>
			<include>WidgetFavouritesContent</include>
			<include>WidgetWeatherContent</include>
			<control type="group">
				<left>10</left>
				<top>10</top>
				<animation effect="slide" start="0,0" end="0,48" time="0" condition="Skin.HasSetting(UltraLowMenuBar) + Skin.HasSetting(EnableLowWidgetPanel) + !Control.IsVisible(601)">Conditional</animation>
				<animation effect="slide" start="0,0" end="0,30" time="0" condition="Skin.HasSetting(EnableLowWidgetPanel) + !Control.IsVisible(601) + !system.getbool(lookandfeel.enablerssfeeds) + Skin.HasSetting(HideHomeStats) + [!MusicPlayer.HasNext | Skin.HasSetting(HideNext5SongsInfo)]">Conditional</animation>
				<animation effect="slide" start="0,0" end="0,272" time="200" easing="out" tween="sine" condition="!Skin.HasSetting(DisableAnimations) + Skin.HasSetting(EnableLowWidgetPanel) + !Control.IsVisible(601)">Conditional</animation>
				<include condition="Skin.HasSetting(DisableAnimations) + Skin.HasSetting(EnableCleanHome)">StaticTopWidget</include>
				<include condition="Skin.HasSetting(DisableAnimations) + Skin.HasSetting(EnableLowWidgetPanel)">StaticLowTopWidget</include>
				<control type="label">
					<width>1200</width>
					<height>29</height>
					<font>font12_title</font>
					<label>[UPPERCASE]$VAR[InfoWidgetType][/UPPERCASE]</label>
					<scroll>true</scroll>
					<scrollout>false</scrollout>
					<align>center</align>
					<aligny>center</aligny>
					<textcolor>FFFFFAF0</textcolor>
					<visible>!Control.HasFocus(510) | !Skin.HasSetting(HideExtendedWidget)</visible>
					<visible>!IsEmpty(Container(510).ListItem.Label) | Container(510).IsUpdating</visible>
				</control>
				<control type="label">
					<width>1200</width>
					<height>29</height>
					<font>font12_title</font>
					<label>[UPPERCASE]$INFO[Container(510).ListItem.Label][/UPPERCASE]</label>
					<scroll>true</scroll>
					<scrollout>false</scrollout>
					<align>center</align>
					<aligny>center</aligny>
					<textcolor>$VAR[SelectedColor]</textcolor>
					<visible>Control.HasFocus(510) + Skin.HasSetting(HideExtendedWidget)</visible>
					<visible>!IsEmpty(Container(510).ListItem.Label) | Container(510).IsUpdating</visible>
				</control>
				<include>VideoWidgetVizability</include>
			</control>
			<control type="group">
				<animation effect="slide" start="0,0" end="0,312" time="200" easing="out" tween="sine" condition="!Skin.HasSetting(DisableAnimations) + Skin.HasSetting(EnableLowWidgetPanel) + !Control.IsVisible(601)">Conditional</animation>
				<animation effect="slide" start="0,0" end="0,48" time="0" condition="Skin.HasSetting(UltraLowMenuBar) + Skin.HasSetting(EnableLowWidgetPanel) + !Control.IsVisible(601)">Conditional</animation>
				<animation effect="slide" start="0,0" end="0,30" time="0" condition="Skin.HasSetting(EnableLowWidgetPanel) + !Control.IsVisible(601) + !system.getbool(lookandfeel.enablerssfeeds) + Skin.HasSetting(HideHomeStats) + [!MusicPlayer.HasNext | Skin.HasSetting(HideNext5SongsInfo)]">Conditional</animation>
				<include condition="Skin.HasSetting(DisableAnimations) + Skin.HasSetting(EnableCleanHome)">StaticTopWidget</include>
				<include condition="Skin.HasSetting(DisableAnimations) + Skin.HasSetting(EnableLowWidgetPanel)">StaticLowTopMusicWidget</include>
				<control type="label">
					<left>10</left>
					<top>10</top>
					<width>1200</width>
					<height>29</height>
					<font>font12_title</font>
					<label>[UPPERCASE]$VAR[InfoWidgetType][/UPPERCASE]</label>
					<scroll>true</scroll>
					<scrollout>false</scrollout>
					<align>center</align>
					<aligny>center</aligny>
					<textcolor>FFFFFAF0</textcolor>
					<visible>!Control.HasFocus(510) | !Skin.HasSetting(HideExtendedWidget)</visible>
					<visible>!IsEmpty(Container(510).ListItem.Label) | Container(510).IsUpdating</visible>
				</control>
				<control type="label">
					<left>10</left>
					<top>10</top>
					<width>1200</width>
					<height>29</height>
					<font>font12_title</font>
					<label>[UPPERCASE]$INFO[Container(510).ListItem.Label][/UPPERCASE]</label>
					<scroll>true</scroll>
					<scrollout>false</scrollout>
					<align>center</align>
					<aligny>center</aligny>
					<textcolor>$VAR[SelectedColor]</textcolor>
					<visible>Control.HasFocus(510) + Skin.HasSetting(HideExtendedWidget)</visible>
					<visible>!IsEmpty(Container(510).ListItem.Label) | Container(510).IsUpdating</visible>
				</control>
				<include>MusicWidgetVizability</include>
			</control>
		</control>
		<control type="image">
			<description>LOGO</description>
			<left>0</left>
			<top>55r</top>
			<width>170</width>
			<height>43</height>
			<aspectratio aligny="top" align="left">keep</aspectratio>
			<texture>kodi-logo.png</texture>
			<include>VisibleFadeEffect</include>
			<include>Window_OpenClose_Animation</include>
			<visible>StringCompare(System.ProfileName,Master user) + Skin.HasSetting(HideHomeWeatherInfo)</visible>
		</control>
		<control type="label">
			<description>profile label</description>
			<left>5</left>
			<top>55r</top>
			<width>450</width>
			<height>30</height>
			<align>left</align>
			<aligny>center</aligny>
			<font>font28_title</font>
			<textcolor>lightgrey</textcolor>
			<shadowcolor>black</shadowcolor>
			<info>System.ProfileName</info>
			<include>Window_OpenClose_Animation</include>
			<visible>!StringCompare(System.ProfileName,Master user) + Skin.HasSetting(HideHomeWeatherInfo)</visible>
		</control>
		<control type="label">
			<left>5</left>
			<top>25r</top>
			<width>350</width>
			<height>15</height>
			<align>left</align>
			<aligny>center</aligny>
			<font>font10</font>
			<textcolor>lightgrey</textcolor>
			<shadowcolor>black</shadowcolor>
			<label>$LOCALIZE[31370]</label>
			<include>Window_OpenClose_Animation</include>
			<visible>!StringCompare(System.ProfileName,Master user) + Skin.HasSetting(HideHomeWeatherInfo)</visible>
		</control>
		<control type="group">
			<left>0</left>
			<top>55r</top>
			<visible>!Skin.HasSetting(HideHomeWeatherInfo) + !IsEmpty(Weather.Plugin)</visible>
			<visible>!Window.IsVisible(extendedprogressdialog)</visible>
			<include condition="!Skin.HasSetting(DisableAnimations)">AnimatedWeatherInfo</include>
			<include>Window_OpenClose_Animation</include>
			<control type="image">
				<description>Weather image icon</description>
				<left>0</left>
				<top>0</top>
				<width>60</width>
				<height>60</height>
				<aspectratio>keep</aspectratio>
				<texture>$VAR[WeatherIconPath]$INFO[Window(Weather).Property(Current.OutlookIcon)]</texture>
				<visible>!Skin.HasSetting(resource.images.weathericons.multi) | IsEmpty(Skin.String(resource.images.weathericons.path))</visible>
			</control>
			<control type="multiimage">
				<description>Animated Weather icon</description>
				<left>0</left>
				<top>0</top>
				<width>60</width>
				<height>60</height>
				<imagepath>$VAR[WeatherIconPath]$INFO[Window(Weather).Property(Current.FanartCode)]</imagepath>
				<timeperimage>100</timeperimage>
				<randomize>false</randomize>
				<fadetime>1</fadetime>
				<visible>Skin.HasSetting(resource.images.weathericons.multi) + !IsEmpty(Skin.String(resource.images.weathericons.path))</visible>
			</control>
			<control type="label">
				<description>Location label</description>
				<left>65</left>
				<top>5</top>
				<width>300</width>
				<height>15</height>
				<align>left</align>
				<aligny>center</aligny>
				<font>font10</font>
				<textcolor>$VAR[MainColorTwo]</textcolor>
				<shadowcolor>black</shadowcolor>
				<label>$INFO[Window(Weather).Property(Location)]</label>
			</control>
			<control type="grouplist">
				<left>65</left>
				<top>20</top>
				<width>300</width>
				<height>30</height>
				<orientation>horizontal</orientation>
				<align>left</align>
				<itemgap>0</itemgap>
				<control type="label">
					<description>Temp label</description>
					<width min="0" max="150">auto</width>
					<height>30</height>
					<align>left</align>
					<aligny>center</aligny>
					<font>font28_title</font>
					<textcolor>$VAR[MainColorTwo]</textcolor>
					<shadowcolor>black</shadowcolor>
					<label>[B]$INFO[Window(Weather).Property(Current.Temperature)][/B]</label>
				</control>
				<control type="label">
					<description>Temp Units</description>
					<width min="0" max="50">auto</width>
					<height>22</height>
					<font>font10</font>
					<aligny>center</aligny>
					<label>$INFO[System.TemperatureUnits]</label>
					<textcolor>$VAR[MainColorTwo]</textcolor>
					<shadowcolor>black</shadowcolor>
					<visible>!IsEmpty(Window(Weather).Property(Current.Temperature))</visible>
				</control>
				<control type="label">
					<description>Conditions Label</description>
					<height>22</height>
					<font>font10</font>
					<aligny>center</aligny>
					<label>$INFO[Window(Weather).Property(Current.Condition),  ]</label>
					<textcolor>grey2</textcolor>
					<shadowcolor>black</shadowcolor>
				</control>
			</control>
		</control>
		<control type="button" id="21">
			<description>Eject DVD Tray Button</description>
			<left>100r</left>
			<top>55r</top>
			<width>45</width>
			<height>45</height>
			<onclick condition="Player.HasMedia">ActivateWindow(playercontrols)</onclick>
			<onclick condition="!Player.HasMedia + System.HasMediaDVD">XBMC.PlayDVD()</onclick>
			<onclick condition="!Player.HasMedia + !System.HasMediaDVD">EjectTray()</onclick>
			<texturefocus border="5">FloorButtons/FloorDiskFO.png</texturefocus>
			<texturenofocus border="5">FloorButtons/FloorDiskNF.png</texturenofocus>
			<onleft condition="Skin.HasSetting(HideHomePowerBtn)">9000</onleft>
			<onleft condition="!Skin.HasSetting(HideHomePowerBtn)">20</onleft>
			<onright condition="Skin.HasSetting(HideHomePowerBtn)">9000</onright>
			<onright condition="!Skin.HasSetting(HideHomePowerBtn)">20</onright>
			<onup>9000</onup>
			<ondown condition="IntegerGreaterThan(Window(home).Property(favourite.count),0) + !Skin.HasSetting(DisableScriptFavourites)">ActivateWindow(Favourites)</ondown>
			<ondown condition="!IntegerGreaterThan(Window(home).Property(favourite.count),0) | Skin.HasSetting(DisableScriptFavourites)">9000</ondown>
			<animation effect="slide" start="0,0" end="45,00" time="0" condition="Skin.HasSetting(HideHomePowerBtn)">conditional</animation>
			<visible>!Skin.HasSetting(HideHomeDVDBtn)</visible>
		</control>
		<control type="button" id="20">
			<description>Shutdown Button</description>
			<left>55r</left>
			<top>55r</top>
			<width>45</width>
			<height>45</height>
			<onclick>$VAR[HomePowerBtnCommand]</onclick>
			<texturefocus border="5">FloorButtons/FloorPowerFO.png</texturefocus>
			<texturenofocus border="5">FloorButtons/FloorPowerNF.png</texturenofocus>
			<onleft condition="Skin.HasSetting(HideHomeDVDBtn)">9000</onleft>
			<onleft condition="!Skin.HasSetting(HideHomeDVDBtn)">21</onleft>
			<onright condition="Skin.HasSetting(HideHomeDVDBtn)">9000</onright>
			<onright condition="!Skin.HasSetting(HideHomeDVDBtn)">21</onright>
			<onup>9000</onup>
			<ondown condition="IntegerGreaterThan(Window(home).Property(favourite.count),0) + !Skin.HasSetting(DisableScriptFavourites)">ActivateWindow(Favourites)</ondown>
			<ondown condition="!IntegerGreaterThan(Window(home).Property(favourite.count),0) | Skin.HasSetting(DisableScriptFavourites)">9000</ondown>
			<visible>!Skin.HasSetting(HideHomePowerBtn)</visible>
		</control>
		<control type="label">
			<description>time label</description>
			<left>355r</left>
			<top>55r</top>
			<width>350</width>
			<height>30</height>
			<align>right</align>
			<aligny>center</aligny>
			<font>font28_title</font>
			<textcolor>lightgrey</textcolor>
			<shadowcolor>black</shadowcolor>
			<label>$INFO[System.Time]</label>
			<include>Window_OpenClose_Animation</include>
			<animation effect="slide" start="0,0" end="-55,00" time="0" condition="!Skin.HasSetting(HideHomePowerBtn)">conditional</animation>
			<animation effect="slide" start="0,0" end="-55,00" time="0" condition="!Skin.HasSetting(HideHomeDVDBtn)">conditional</animation>
		</control>
		<control type="label">
			<description>Date label</description>
			<left>355r</left>
			<top>25r</top>
			<width>350</width>
			<height>15</height>
			<align>right</align>
			<aligny>center</aligny>
			<font>font10</font>
			<textcolor>lightgrey</textcolor>
			<shadowcolor>black</shadowcolor>
			<label>$INFO[System.Date]</label>
			<include>Window_OpenClose_Animation</include>
			<animation effect="slide" start="0,0" end="-55,00" time="0" condition="!Skin.HasSetting(HideHomePowerBtn)">conditional</animation>
			<animation effect="slide" start="0,0" end="-55,00" time="0" condition="!Skin.HasSetting(HideHomeDVDBtn)">conditional</animation>
		</control>
	</controls>
</window>
