<?xml version="1.0" encoding="UTF-8"?>
<window>
    <backgroundcolor>Background</backgroundcolor>
    <defaultcontrol always="true">500</defaultcontrol>
    <allowoverlay>no</allowoverlay>
    <views>500,50,51,52,53,54,55,500,501,502</views>
    <include condition="Control.IsVisible(54)">OpenClose</include>
    <controls>
        <include>Background</include>		
		<control type="image" description="Fanart">
		  <visible>!IsEmpty(ListItem.Property(fanart_image)) + Skin.HasSetting(Fanart)</visible>
		  <include>VisibleFade</include>
		  <include>Dimensions_Fullscreen</include>
		  <texture background="true">$INFO[ListItem.Property(fanart_image)]</texture>
		  <aspectratio>scale</aspectratio>
		  <colordiffuse>10FFFFFF</colordiffuse>
		</control>				
        <include>Videoviews</include>
        <control type="group">
            <include>WindowsTopInfos</include>
            <control type="label" description="Heading">
                <visible>IsEmpty(Container.FolderName)</visible>
                <include>HeadingR</include>
                <label>3</label>
            </control>
        </control>
        <control type="group" description="Side menu 9000 group">
            <visible allowhiddenfocus="true">ControlGroup(9000).HasFocus()</visible>
            <include>DialogOpenCloseVisible</include>
            <control type="image" description="List back">
                <centerleft>960</centerleft>
                <centertop>540</centertop>
                <width>802</width>
                <height>906</height>
                <aspectratio>stretch</aspectratio>
                <texture border="50">images/ContextMenu.png</texture>
            </control>
            <control type="grouplist" id="9000">
                <height>878</height>
                <top>180</top>
                <include>DialogGLs</include>
                <control type="button" id="2" description="Views">
                    <include>DialogButt</include>
                </control>
                <control type="togglebutton" id="14" description="Toggle Watched">
                    <include>DialogButt</include>
                    <label>$LOCALIZE[535]: $LOCALIZE[16100]</label>
                    <altlabel>$LOCALIZE[535]: $LOCALIZE[16101]</altlabel>
                </control>
                <control type="radiobutton" id="98" description="Filter">
                    <enable>Container.CanFilterAdvanced</enable>
                    <include>DialogButt</include>
                    <onclick>Filter</onclick>
                    <label>587</label>
                </control>
                <control type="button" id="3" description="Sort">
                    <include>DialogButt</include>
                </control>
                <control type="togglebutton" id="4" description="SortOrder">
                    <include>DialogButt</include>
                    <label>584</label>
                    <altlabel>585</altlabel>
                    <usealttexture>Container.SortDirection(Ascending)</usealttexture>
                </control>
                <control type="button" id="8" description="search">
                    <include>DialogButt</include>
                    <label>137</label>
                </control>
                <control type="button" id="698" description="Browse files">
                    <include>DialogButt</include>
                    <label>$LOCALIZE[1024] $LOCALIZE[744]</label>
                    <onclick>ActivateWindow(Videos,files)</onclick>
                </control>
                <control type="togglebutton" id="699" description="Playing">
                    <enable>Player.HasMedia</enable>
                    <include>DialogButt</include>
                    <label>$LOCALIZE[16003]</label>
                    <altlabel>$LOCALIZE[31055]</altlabel>
                    <usealttexture>Player.HasMedia</usealttexture>
                    <onclick>fullscreen</onclick>
                    <altclick>fullscreen</altclick>
                </control>
                <control type="togglebutton" id="20">
                    <description>Update library</description>
                    <include>DialogButt</include>
                    <label>653</label>
                    <altlabel>13353</altlabel>
                    <usealttexture>library.isscanningvideo</usealttexture>
                </control>
            </control>
        </control>
    </controls>
</window>
