<?xml version="1.0" encoding="UTF-8"?>
<window>
    <defaultcontrol always="true">100</defaultcontrol>
    <include>DialogEffect</include>
    <coordinates>
        <system>1</system>
        <left>0</left>
        <top>0</top>
    </coordinates>
    <controls>
        <control type="slider" id="87">
            <description>Seek Slider</description>
            <left>430</left>
            <top>82r</top>
            <width>720</width>
            <height>16</height>
            <onup>702</onup>
            <ondown>26</ondown>
            <action>seek</action>
            <texturesliderbar>seekslider2.png</texturesliderbar>
            <textureslidernib>Slider_nibNF.png</textureslidernib>
            <textureslidernibfocus>Slider_nib.png</textureslidernibfocus>
            <animation effect="fade" time="200">VisibleChange</animation>
            <animation effect="slide" end="-145,0" time="0" tween="back" easing="out" condition="Skin.HasSetting(HideArtWorkOSD) | Skin.HasSetting(HideSeekBarOSD) + !Player.ShowInfo" reversible="true">Conditional</animation>
            <visible>!StringCompare(Player.Filenameandpath,special://skin/extras/Intro/KODI-Intro-Video.mp4)</visible>
            <visible>![Window.IsVisible(SliderDialog) | Window.IsVisible(OSDVideoSettings) | Window.IsVisible(OSDAudioSettings) | Window.IsVisible(VideoBookmarks) | VideoPlayer.Content(LiveTV)]</visible>
        </control>
        <!-- !LiveTV -->
        <control type="group" id="100">
            <left>325</left>
            <top>60r</top>
            <defaultcontrol always="true">203</defaultcontrol>
            <animation effect="slide" end="-145,0" time="0" tween="back" easing="out" condition="Skin.HasSetting(HideArtWorkOSD) | Skin.HasSetting(HideSeekBarOSD) + !Player.ShowInfo" reversible="true">Conditional</animation>
            <animation effect="fade" time="200">VisibleChange</animation>
            <visible>!StringCompare(Player.Filenameandpath,special://skin/extras/Intro/KODI-Intro-Video.mp4)</visible>
            <visible>![Window.IsVisible(SliderDialog) | Window.IsVisible(OSDVideoSettings) | Window.IsVisible(OSDAudioSettings) | Window.IsVisible(VideoBookmarks)]</visible>
            <visible>!VideoPlayer.Content(LiveTV)</visible>
            <control type="button" id="200">
                <left>0</left>
                <top>0</top>
                <width>55</width>
                <height>55</height>
                <texturefocus colordiffuse="$VAR[MainColorOne]">OSD/Focused.png</texturefocus>
                <texturenofocus>OSD/UnFocused.png</texturenofocus>
                <onleft>254</onleft>
                <onright>201</onright>
                <onup>200</onup>
                <ondown>200</ondown>
                <onclick>Dialog.Close(VideoOSD,true)</onclick>
                <onclick>FullScreen</onclick>
            </control>
            <control type="image">
                <left>0</left>
                <top>0</top>
                <width>55</width>
                <height>55</height>
                <texture>OSD/OSDHomeBtn.png</texture>
            </control>
            <control type="button" id="201">
                <left>55</left>
                <top>0</top>
                <width>55</width>
                <height>55</height>
                <label>210</label>
                <font>-</font>
                <texturefocus colordiffuse="$VAR[MainColorOne]">OSD/Focused.png</texturefocus>
                <texturenofocus>OSD/UnFocused.png</texturenofocus>
                <onleft>200</onleft>
                <onright>202</onright>
                <onup>200</onup>
                <ondown>200</ondown>
                <onclick>PlayerControl(Previous)</onclick>
            </control>
            <control type="image">
                <left>55</left>
                <top>0</top>
                <width>55</width>
                <height>55</height>
                <texture>OSD/OSDPrevTrack.png</texture>
            </control>
            <control type="button" id="202">
                <left>110</left>
                <top>0</top>
                <width>55</width>
                <height>55</height>
                <label>31354</label>
                <font>-</font>
                <texturefocus colordiffuse="$VAR[MainColorOne]">OSD/Focused.png</texturefocus>
                <texturenofocus>OSD/UnFocused.png</texturenofocus>
                <onleft>201</onleft>
                <onright>203</onright>
                <onup>200</onup>
                <ondown>200</ondown>
                <onclick>PlayerControl(Rewind)</onclick>
            </control>
            <control type="image">
                <left>110</left>
                <top>0</top>
                <width>55</width>
                <height>55</height>
                <texture>OSD/OSDRewind.png</texture>
            </control>
            <control type="togglebutton" id="203">
                <left>165</left>
                <top>0</top>
                <width>55</width>
                <height>55</height>
                <label>31351</label>
                <altlabel>208</altlabel>
                <font>-</font>
                <texturefocus colordiffuse="$VAR[MainColorOne]">OSD/Focused.png</texturefocus>
                <texturenofocus>OSD/UnFocused.png</texturenofocus>
                <usealttexture>Player.Paused | Player.Forwarding | Player.Rewinding</usealttexture>
                <alttexturefocus colordiffuse="$VAR[MainColorOne]">OSD/Focused.png</alttexturefocus>
                <alttexturenofocus>OSD/UnFocused.png</alttexturenofocus>
                <onleft>202</onleft>
                <onright>204</onright>
                <onup>200</onup>
                <ondown>200</ondown>
                <onclick>PlayerControl(Play)</onclick>
            </control>
            <control type="image">
                <left>165</left>
                <top>0</top>
                <width>55</width>
                <height>55</height>
                <texture>$VAR[PlayerOSDPlayBtn]</texture>
            </control>
            <control type="button" id="204">
                <left>220</left>
                <top>0</top>
                <width>55</width>
                <height>55</height>
                <label>31352</label>
                <font>-</font>
                <texturefocus colordiffuse="$VAR[MainColorOne]">OSD/Focused.png</texturefocus>
                <texturenofocus>OSD/UnFocused.png</texturenofocus>
                <onleft>203</onleft>
                <onright>205</onright>
                <onup>200</onup>
                <ondown>200</ondown>
                <onclick>PlayerControl(Stop)</onclick>
            </control>
            <control type="image">
                <left>220</left>
                <top>0</top>
                <width>55</width>
                <height>55</height>
                <texture>OSD/OSDStop.png</texture>
            </control>
            <control type="button" id="205">
                <left>275</left>
                <top>0</top>
                <width>55</width>
                <height>55</height>
                <label>31353</label>
                <font>-</font>
                <texturefocus colordiffuse="$VAR[MainColorOne]">OSD/Focused.png</texturefocus>
                <texturenofocus>OSD/UnFocused.png</texturenofocus>
                <onleft>204</onleft>
                <onright>206</onright>
                <onup>200</onup>
                <ondown>200</ondown>
                <onclick>PlayerControl(Forward)</onclick>
            </control>
            <control type="image">
                <left>275</left>
                <top>0</top>
                <width>55</width>
                <height>55</height>
                <texture>OSD/OSDForward.png</texture>
            </control>
            <control type="button" id="206">
                <left>330</left>
                <top>0</top>
                <width>55</width>
                <height>55</height>
                <label>209</label>
                <font>-</font>
                <texturefocus colordiffuse="$VAR[MainColorOne]">OSD/Focused.png</texturefocus>
                <texturenofocus>OSD/UnFocused.png</texturenofocus>
                <onleft>205</onleft>
                <onright>255</onright>
                <onup>200</onup>
                <ondown>200</ondown>
                <onclick>PlayerControl(Next)</onclick>
            </control>
            <control type="image">
                <left>330</left>
                <top>0</top>
                <width>55</width>
                <height>55</height>
                <texture>OSD/OSDNextTrack.png</texture>
            </control>
        </control>
        <!-- LiveTV -->
        <control type="group" id="100">
            <left>325</left>
            <top>60r</top>
            <defaultcontrol always="true">304</defaultcontrol>
            <animation effect="fade" time="200">VisibleChange</animation>
            <animation effect="slide" end="-145,0" time="0" tween="back" easing="out" condition="Skin.HasSetting(HideArtWorkOSD) | Skin.HasSetting(HideSeekBarOSD) + !Player.ShowInfo" reversible="true">Conditional</animation>
            <visible>![Window.IsVisible(SliderDialog) | Window.IsVisible(OSDVideoSettings) | Window.IsVisible(OSDAudioSettings) | Window.IsVisible(VideoBookmarks) | Window.IsVisible(PVROSDChannels) | Window.IsVisible(PVROSDGuide)]</visible>
            <visible>VideoPlayer.Content(LiveTV)</visible>
            <control type="button" id="300">
                <left>0</left>
                <top>0</top>
                <width>55</width>
                <height>55</height>
                <texturefocus colordiffuse="$VAR[MainColorOne]">OSD/Focused.png</texturefocus>
                <texturenofocus>OSD/UnFocused.png</texturenofocus>
                <onleft>354</onleft>
                <onright>301</onright>
                <onup>300</onup>
                <ondown>300</ondown>
                <onclick>Dialog.Close(VideoOSD,true)</onclick>
                <onclick>FullScreen</onclick>
            </control>
            <control type="image">
                <left>0</left>
                <top>0</top>
                <width>55</width>
                <height>55</height>
                <texture>OSD/OSDHomeBtn.png</texture>
            </control>
            <control type="button" id="301">
                <left>55</left>
                <top>0</top>
                <width>55</width>
                <height>55</height>
                <label>210</label>
                <font>-</font>
                <texturefocus colordiffuse="$VAR[MainColorOne]">OSD/Focused.png</texturefocus>
                <texturenofocus>OSD/UnFocused.png</texturenofocus>
                <onleft>300</onleft>
                <onright>302</onright>
                <onup>300</onup>
                <ondown>300</ondown>
                <onclick>PlayerControl(Previous)</onclick>
            </control>
            <control type="image">
                <left>55</left>
                <top>0</top>
                <width>55</width>
                <height>55</height>
                <texture>OSD/OSDChannelUP.png</texture>
            </control>
            <control type="button" id="302">
                <left>110</left>
                <top>0</top>
                <width>55</width>
                <height>55</height>
                <label>209</label>
                <font>-</font>
                <texturefocus colordiffuse="$VAR[MainColorOne]">OSD/Focused.png</texturefocus>
                <texturenofocus>OSD/UnFocused.png</texturenofocus>
                <onleft>301</onleft>
                <onright>303</onright>
                <onup>300</onup>
                <ondown>300</ondown>
                <onclick>PlayerControl(Next)</onclick>
            </control>
            <control type="image">
                <left>110</left>
                <top>0</top>
                <width>55</width>
                <height>55</height>
                <texture>OSD/OSDChannelDown.png</texture>
            </control>
            <control type="button" id="303">
                <left>165</left>
                <top>0</top>
                <width>55</width>
                <height>55</height>
                <label>31354</label>
                <font>-</font>
                <texturefocus colordiffuse="$VAR[MainColorOne]">OSD/Focused.png</texturefocus>
                <texturenofocus>OSD/UnFocused.png</texturenofocus>
                <onleft>302</onleft>
                <onright>304</onright>
                <onup>300</onup>
                <ondown>300</ondown>
                <onclick>PlayerControl(Rewind)</onclick>
                <enable>Player.SeekEnabled</enable>
                <animation effect="fade" start="100" end="50" time="100" condition="!Player.SeekEnabled">Conditional</animation>
            </control>
            <control type="image">
                <left>165</left>
                <top>0</top>
                <width>55</width>
                <height>55</height>
                <texture>OSD/OSDRewind.png</texture>
                <animation effect="fade" start="100" end="50" time="100" condition="!Player.SeekEnabled">Conditional</animation>
            </control>
            <control type="togglebutton" id="304">
                <left>220</left>
                <top>0</top>
                <width>55</width>
                <height>55</height>
                <label>31351</label>
                <altlabel>208</altlabel>
                <font>-</font>
                <texturefocus colordiffuse="$VAR[MainColorOne]">OSD/Focused.png</texturefocus>
                <texturenofocus>OSD/UnFocused.png</texturenofocus>
                <usealttexture>Player.Paused | Player.Forwarding | Player.Rewinding</usealttexture>
                <alttexturefocus colordiffuse="$VAR[MainColorOne]">OSD/Focused.png</alttexturefocus>
                <alttexturenofocus>OSD/UnFocused.png</alttexturenofocus>
                <onleft>303</onleft>
                <onright>305</onright>
                <onup>300</onup>
                <ondown>300</ondown>
                <onclick>PlayerControl(Play)</onclick>
                <enable>Player.PauseEnabled</enable>
                <animation effect="fade" start="100" end="50" time="100" condition="!Player.PauseEnabled">Conditional</animation>
            </control>
            <control type="image">
                <left>220</left>
                <top>0</top>
                <width>55</width>
                <height>55</height>
                <texture>$VAR[PlayerOSDPlayBtn]</texture>
                <animation effect="fade" start="100" end="50" time="100" condition="!Player.PauseEnabled">Conditional</animation>
            </control>
            <control type="button" id="305">
                <left>275</left>
                <top>0</top>
                <width>55</width>
                <height>55</height>
                <label>31352</label>
                <font>-</font>
                <texturefocus colordiffuse="$VAR[MainColorOne]">OSD/Focused.png</texturefocus>
                <texturenofocus>OSD/UnFocused.png</texturenofocus>
                <onleft>304</onleft>
                <onright>306</onright>
                <onup>300</onup>
                <ondown>300</ondown>
                <onclick>PlayerControl(Stop)</onclick>
            </control>
            <control type="image">
                <left>275</left>
                <top>0</top>
                <width>55</width>
                <height>55</height>
                <texture>OSD/OSDStop.png</texture>
            </control>
            <control type="button" id="306">
                <left>330</left>
                <top>0</top>
                <width>55</width>
                <height>55</height>
                <label>31353</label>
                <font>-</font>
                <texturefocus colordiffuse="$VAR[MainColorOne]">OSD/Focused.png</texturefocus>
                <texturenofocus>OSD/UnFocused.png</texturenofocus>
                <onleft>305</onleft>
                <onright>307</onright>
                <onup>300</onup>
                <ondown>300</ondown>
                <onclick>PlayerControl(Forward)</onclick>
                <enable>Player.SeekEnabled</enable>
                <animation effect="fade" start="100" end="50" time="100" condition="!Player.SeekEnabled">Conditional</animation>
            </control>
            <control type="image">
                <left>330</left>
                <top>0</top>
                <width>55</width>
                <height>55</height>
                <texture>OSD/OSDForward.png</texture>
                <animation effect="fade" start="100" end="50" time="100" condition="!Player.SeekEnabled">Conditional</animation>
            </control>
            <control type="button" id="307">
                <left>385</left>
                <top>0</top>
                <width>55</width>
                <height>55</height>
                <label>19019</label>
                <font>-</font>
                <texturefocus colordiffuse="$VAR[MainColorOne]">OSD/Focused.png</texturefocus>
                <texturenofocus>OSD/UnFocused.png</texturenofocus>
                <onleft>306</onleft>
                <onright>308</onright>
                <onup>300</onup>
                <ondown>300</ondown>
                <onclick>ActivateWindow(PVROSDChannels)</onclick>
                <onclick>Dialog.Close(VideoOSD)</onclick>
            </control>
            <control type="image">
                <left>385</left>
                <top>0</top>
                <width>55</width>
                <height>55</height>
                <texture>OSD/OSDChannelList.png</texture>
            </control>
            <control type="button" id="308">
                <left>440</left>
                <top>0</top>
                <width>55</width>
                <height>55</height>
                <label>$LOCALIZE[19029]$INFO[VideoPlayer.ChannelName, - ]</label>
                <font>-</font>
                <texturefocus colordiffuse="$VAR[MainColorOne]">OSD/Focused.png</texturefocus>
                <texturenofocus>OSD/UnFocused.png</texturenofocus>
                <onleft>307</onleft>
                <onright>350</onright>
                <onup>300</onup>
                <ondown>300</ondown>
                <onclick>ActivateWindow(PVROSDGuide)</onclick>
                <onclick>Dialog.Close(VideoOSD)</onclick>
            </control>
            <control type="image">
                <left>440</left>
                <top>0</top>
                <width>55</width>
                <height>55</height>
                <texture>OSD/OSDepg.png</texture>
            </control>
        </control>
        <!-- !LiveTV -->
        <control type="group">
            <left>355r</left>
            <top>60r</top>
            <animation effect="fade" time="200">VisibleChange</animation>
            <animation effect="slide" end="-145,0" time="0" tween="back" easing="out" condition="Skin.HasSetting(HideArtWorkOSD) | Skin.HasSetting(HideSeekBarOSD) + !Player.ShowInfo" reversible="true">Conditional</animation>
            <visible>!StringCompare(Player.Filenameandpath,special://skin/extras/Intro/KODI-Intro-Video.mp4)</visible>
            <visible>![Window.IsVisible(SliderDialog) | Window.IsVisible(OSDVideoSettings) | Window.IsVisible(OSDAudioSettings) | Window.IsVisible(VideoBookmarks)]</visible>
            <visible>!VideoPlayer.Content(LiveTV)</visible>
            <control type="button" id="255">
                <visible>VideoPlayer.IsStereoscopic</visible>
                <left>0</left>
                <top>0</top>
                <width>55</width>
                <height>55</height>
                <label>36501</label>
                <font>-</font>
                <texturefocus colordiffuse="$VAR[MainColorOne]">OSD/Focused.png</texturefocus>
                <texturenofocus>OSD/UnFocused.png</texturenofocus>
                <onleft>205</onleft>
                <onright>250</onright>
                <onup>501</onup>
                <ondown>200</ondown>
            </control>
            <control type="image">
                <visible>VideoPlayer.IsStereoscopic</visible>
                <left>0</left>
                <top>0</top>
                <width>55</width>
                <height>55</height>
                <texture>OSD/OSDStereoscopic.png</texture>
            </control>
            <control type="button" id="250">
                <left>55</left>
                <top>0</top>
                <width>55</width>
                <height>55</height>
                <label>31356</label>
                <font>-</font>
                <texturefocus colordiffuse="$VAR[MainColorOne]">OSD/Focused.png</texturefocus>
                <texturenofocus>OSD/UnFocused.png</texturenofocus>
                <onleft>255</onleft>
                <onright>251</onright>
                <onup>404</onup>
                <ondown>200</ondown>
            </control>
            <control type="image">
                <left>55</left>
                <top>0</top>
                <width>55</width>
                <height>55</height>
                <texture>OSD/OSDSubtitles.png</texture>
            </control>
            <control type="button" id="251">
                <left>110</left>
                <top>0</top>
                <width>55</width>
                <height>55</height>
                <label>13395</label>
                <font>-</font>
                <texturefocus colordiffuse="$VAR[MainColorOne]">OSD/Focused.png</texturefocus>
                <texturenofocus>OSD/UnFocused.png</texturenofocus>
                <onleft>250</onleft>
                <onright>252</onright>
                <onup>200</onup>
                <ondown>200</ondown>
                <onclick>ActivateWindow(OSDVideoSettings)</onclick>
            </control>
            <control type="image">
                <left>110</left>
                <top>0</top>
                <width>55</width>
                <height>55</height>
                <texture>OSD/OSDVideo.png</texture>
            </control>
            <control type="button" id="252">
                <left>165</left>
                <top>0</top>
                <width>55</width>
                <height>55</height>
                <label>13396</label>
                <font>-</font>
                <texturefocus colordiffuse="$VAR[MainColorOne]">OSD/Focused.png</texturefocus>
                <texturenofocus>OSD/UnFocused.png</texturenofocus>
                <onleft>251</onleft>
                <onright>253</onright>
                <onup>200</onup>
                <ondown>200</ondown>
                <onclick>ActivateWindow(OSDAudioSettings)</onclick>
            </control>
            <control type="image">
                <left>165</left>
                <top>0</top>
                <width>55</width>
                <height>55</height>
                <texture>OSD/OSDAudio.png</texture>
            </control>
            <control type="button" id="253">
                <left>220</left>
                <top>0</top>
                <width>55</width>
                <height>55</height>
                <label>298</label>
                <font>-</font>
                <texturefocus colordiffuse="$VAR[MainColorOne]">OSD/Focused.png</texturefocus>
                <texturenofocus>OSD/UnFocused.png</texturenofocus>
                <onleft>252</onleft>
                <onright>254</onright>
                <onup>200</onup>
                <ondown>200</ondown>
                <onclick>ActivateWindow(VideoBookmarks)</onclick>
            </control>
            <control type="image">
                <left>220</left>
                <top>0</top>
                <width>55</width>
                <height>55</height>
                <texture>OSD/OSDBookmarks.png</texture>
            </control>
            <control type="button" id="254">
                <left>275</left>
                <top>0</top>
                <width>55</width>
                <height>55</height>
                <label>31355</label>
                <font>-</font>
                <texturefocus>OSDDvdFO.png</texturefocus>
                <texturenofocus>OSDDvdNF.png</texturenofocus>
                <onleft>253</onleft>
                <onright>200</onright>
                <onup>200</onup>
                <ondown>200</ondown>
                <onclick>PlayerControl(ShowVideoMenu)</onclick>
                <enable>VideoPlayer.HasMenu</enable>
                <animation effect="fade" start="100" end="50" time="100" condition="!VideoPlayer.HasMenu">Conditional</animation>
            </control>
        </control>
        <!-- LiveTV -->
        <control type="group">
            <left>300r</left>
            <top>60r</top>
            <animation effect="fade" time="200">VisibleChange</animation>
            <animation effect="slide" end="-145,0" time="0" tween="back" easing="out" condition="Skin.HasSetting(HideArtWorkOSD) | Skin.HasSetting(HideSeekBarOSD) + !Player.ShowInfo" reversible="true">Conditional</animation>
            <visible>![Window.IsVisible(SliderDialog) | Window.IsVisible(OSDVideoSettings) | Window.IsVisible(OSDAudioSettings) | Window.IsVisible(VideoBookmarks) | Window.IsVisible(PVROSDChannels) | Window.IsVisible(PVROSDGuide)]</visible>
            <visible>VideoPlayer.Content(LiveTV)</visible>
            <control type="button" id="354">
                <visible>VideoPlayer.IsStereoscopic</visible>
                <left>0</left>
                <top>0</top>
                <width>55</width>
                <height>55</height>
                <label>36501</label>
                <font>-</font>
                <texturefocus colordiffuse="$VAR[MainColorOne]">OSD/Focused.png</texturefocus>
                <texturenofocus>OSD/UnFocused.png</texturenofocus>
                <onleft>307</onleft>
                <onright>350</onright>
                <onup>551</onup>
                <ondown>300</ondown>
            </control>
            <control type="image">
                <visible>VideoPlayer.IsStereoscopic</visible>
                <left>0</left>
                <top>0</top>
                <width>55</width>
                <height>55</height>
                <texture>OSD/OSDStereoscopic.png</texture>
            </control>
            <control type="button" id="350">
                <left>55</left>
                <top>0</top>
                <width>55</width>
                <height>55</height>
                <label>31356</label>
                <font>-</font>
                <texturefocus colordiffuse="$VAR[MainColorOne]">OSD/Focused.png</texturefocus>
                <texturenofocus>OSD/UnFocused.png</texturenofocus>
                <onleft>354</onleft>
                <onright>351</onright>
                <onup>300</onup>
                <ondown>300</ondown>
                <onclick>ActivateWindow(Teletext)</onclick>
            </control>
            <control type="image">
                <left>55</left>
                <top>0</top>
                <width>55</width>
                <height>55</height>
                <texture>OSD/OSDTeleText.png</texture>
            </control>
            <control type="button" id="351">
                <left>110</left>
                <top>0</top>
                <width>55</width>
                <height>55</height>
                <label>13395</label>
                <font>-</font>
                <texturefocus colordiffuse="$VAR[MainColorOne]">OSD/Focused.png</texturefocus>
                <texturenofocus>OSD/UnFocused.png</texturenofocus>
                <onleft>350</onleft>
                <onright>352</onright>
                <onup>300</onup>
                <ondown>300</ondown>
                <onclick>ActivateWindow(OSDVideoSettings)</onclick>
            </control>
            <control type="image">
                <left>110</left>
                <top>0</top>
                <width>55</width>
                <height>55</height>
                <texture>OSD/OSDVideo.png</texture>
            </control>
            <control type="button" id="352">
                <left>165</left>
                <top>0</top>
                <width>55</width>
                <height>55</height>
                <label>13396</label>
                <font>-</font>
                <texturefocus colordiffuse="$VAR[MainColorOne]">OSD/Focused.png</texturefocus>
                <texturenofocus>OSD/UnFocused.png</texturenofocus>
                <onleft>351</onleft>
                <onright>353</onright>
                <onup>300</onup>
                <ondown>300</ondown>
                <onclick>ActivateWindow(OSDAudioSettings)</onclick>
            </control>
            <control type="image">
                <left>165</left>
                <top>0</top>
                <width>55</width>
                <height>55</height>
                <texture>OSD/OSDAudio.png</texture>
            </control>
            <control type="togglebutton" id="353">
                <left>220</left>
                <top>0</top>
                <width>55</width>
                <height>55</height>
                <label>264</label>
                <altlabel>265</altlabel>
                <font>-</font>
                <texturefocus colordiffuse="$VAR[MainColorOne]">OSD/Focused.png</texturefocus>
                <texturenofocus>OSD/UnFocused.png</texturenofocus>
                <usealttexture>Player.Recording</usealttexture>
                <alttexturefocus colordiffuse="$VAR[MainColorOne]">OSD/Focused.png</alttexturefocus>
                <alttexturenofocus>OSD/UnFocused.png</alttexturenofocus>
                <onleft>352</onleft>
                <onright>300</onright>
                <onup>300</onup>
                <ondown>300</ondown>
                <onclick>PlayerControl(Record)</onclick>
                <enable>Player.CanRecord</enable>
                <animation effect="fade" start="100" end="50" time="100" condition="!Player.CanRecord">Conditional</animation>
            </control>
            <control type="image">
                <left>220</left>
                <top>0</top>
                <width>55</width>
                <height>55</height>
                <texture>$VAR[PlayerOSDRecordBtn]</texture>
                <animation effect="fade" start="100" end="50" time="100" condition="!Player.CanRecord">Conditional</animation>
            </control>
        </control>
        <control type="button" id="410">
            <description>Fake button for mouse control</description>
            <right>145</right>
            <bottom>60</bottom>
            <width>256</width>
            <height>250</height>
            <label>-</label>
            <font>-</font>
            <texturenofocus>-</texturenofocus>
            <texturefocus colordiffuse="$VAR[MainColorOne]">-</texturefocus>
            <animation effect="slide" start="0,0" end="55,0" time="0" condition="VideoPlayer.Content(LiveTV)">Conditional</animation>
            <animation effect="slide" end="-145,0" time="0" tween="back" easing="out" condition="Skin.HasSetting(HideArtWorkOSD) | Skin.HasSetting(HideSeekBarOSD) + !Player.ShowInfo" reversible="true">Conditional</animation>
            <visible>Control.HasFocus(410) | Control.HasFocus(250) | ControlGroup(400).HasFocus</visible>
        </control>
        <control type="grouplist" id="400">
            <visible>![Window.IsVisible(SliderDialog) | Window.IsVisible(OSDVideoSettings) | Window.IsVisible(OSDAudioSettings) | Window.IsVisible(VideoBookmarks)]</visible>
            <animation effect="fade" time="200">VisibleChange</animation>
            <animation effect="slide" end="-145,0" time="0" tween="back" easing="out" condition="Skin.HasSetting(HideArtWorkOSD) | Skin.HasSetting(HideSeekBarOSD) + !Player.ShowInfo" reversible="true">Conditional</animation>
            <animation effect="slide" start="0,0" end="0,80" time="0" condition="![VideoPlayer.HasSubtitles + VideoPlayer.SubtitlesEnabled]">Conditional</animation>
            <animation effect="slide" start="0,0" end="0,40" time="0" condition="!VideoPlayer.HasSubtitles">Conditional</animation>
            <animation effect="slide" start="0,0" end="55,0" time="0" condition="VideoPlayer.Content(LiveTV)">Conditional</animation>
            <right>145</right>
            <bottom>45</bottom>
            <width>256</width>
            <height>260</height>
            <itemgap>0</itemgap>
            <onleft>400</onleft>
            <onright>400</onright>
            <onup>250</onup>
            <ondown>250</ondown>
            <orientation>vertical</orientation>
            <visible>Control.HasFocus(410) | Control.HasFocus(250) | ControlGroup(400).HasFocus</visible>
            <include>VisibleFadeEffect</include>
            <control type="group">
                <description>Header</description>
                <width>256</width>
                <height>40</height>
                <control type="image">
                    <description>Header</description>
                    <left>0</left>
                    <top>0</top>
                    <width>256</width>
                    <height>40</height>
                    <texture border="20,18,20,0">SubMenuBack-Header.png</texture>
                </control>
                <control type="label" id="">
                    <left>30</left>
                    <top>20</top>
                    <width>196</width>
                    <height>15</height>
                    <font>font12</font>
                    <label>24012</label>
                    <textcolor>$VAR[MainColorOne]</textcolor>
                    <align>center</align>
                    <aligny>center</aligny>
                </control>
            </control>
            <control type="togglebutton" id="401">
                <description>Download with Subtitles script</description>
                <height>40</height>
                <width>256</width>
                <font>font13</font>
                <label>33003</label>
                <font>-</font>
                <textoffsetx>30</textoffsetx>
                <aligny>center</aligny>
                <texturefocus border="25,5,25,5" colordiffuse="$VAR[MainColorOne]">button-focus.png</texturefocus>
                <texturenofocus border="25,5,25,5">SubMenuBack-MiddleNF.png</texturenofocus>
                <alttexturefocus border="25,5,25,5" colordiffuse="$VAR[MainColorOne]">button-focus.png</alttexturefocus>
                <alttexturenofocus border="25,5,25,5">SubMenuBack-MiddleNF.png</alttexturenofocus>
                <onclick>Close</onclick>
                <onclick>Dialog.Close(VideoOSD)</onclick>
                <onclick>ActivateWindow(SubtitleSearch)</onclick>
            </control>
            <control type="button" id="402">
                <height>40</height>
                <width>256</width>
                <aligny>center</aligny>
                <font>font13</font>
                <textoffsetx>30</textoffsetx>
                <texturefocus border="25,5,25,5" colordiffuse="$VAR[MainColorOne]">button-focus.png</texturefocus>
                <texturenofocus border="25,5,25,5">SubMenuBack-MiddleNF.png</texturenofocus>
                <pulseonselect>false</pulseonselect>
                <label>22006</label>
                <onclick>SubtitleDelay</onclick>
                <visible>VideoPlayer.HasSubtitles + VideoPlayer.SubtitlesEnabled</visible>
            </control>
            <control type="button" id="403">
                <height>40</height>
                <width>256</width>
                <aligny>center</aligny>
                <font>font13</font>
                <textoffsetx>30</textoffsetx>
                <texturefocus border="25,5,25,5" colordiffuse="$VAR[MainColorOne]">button-focus.png</texturefocus>
                <texturenofocus border="25,5,25,5">SubMenuBack-MiddleNF.png</texturenofocus>
                <pulseonselect>false</pulseonselect>
                <label>209</label>
                <onclick>CycleSubtitle</onclick>
                <visible>VideoPlayer.HasSubtitles + VideoPlayer.SubtitlesEnabled</visible>
            </control>
            <control type="radiobutton" id="404">
                <height>40</height>
                <width>256</width>
                <textoffsetx>30</textoffsetx>
                <aligny>center</aligny>
                <font>font13</font>
                <label>449</label>
                <radioposx>200</radioposx>
                <texturefocus border="25,5,25,5" colordiffuse="$VAR[MainColorOne]">button-focus.png</texturefocus>
                <texturenofocus border="25,5,25,5">SubMenuBack-MiddleNF.png</texturenofocus>
                <onclick>ShowSubtitles</onclick>
                <selected>VideoPlayer.SubtitlesEnabled</selected>
                <visible>VideoPlayer.HasSubtitles</visible>
                <pulseonselect>false</pulseonselect>
            </control>
            <control type="image" id="440">
                <description>Footer</description>
                <width>256</width>
                <height>52</height>
                <texture border="20,0,20,50">SubMenuBack-Footer.png</texture>
            </control>
        </control>
        <!-- STEREOSCOPIC 3D !LiveTV -->
        <control type="button" id="520">
            <description>Fake button for mouse control</description>
            <right>200</right>
            <bottom>60</bottom>
            <width>256</width>
            <height>210</height>
            <label>-</label>
            <font>-</font>
            <texturenofocus>-</texturenofocus>
            <animation effect="slide" end="-145,0" time="0" tween="back" easing="out" condition="Skin.HasSetting(HideArtWorkOSD) | Skin.HasSetting(HideSeekBarOSD) + !Player.ShowInfo" reversible="true">Conditional</animation>
            <animation effect="slide" start="0,0" end="55,0" time="0" condition="VideoPlayer.Content(LiveTV)">Conditional</animation>
            <texturefocus colordiffuse="$VAR[MainColorOne]">-</texturefocus>
            <visible>Control.HasFocus(520) | Control.HasFocus(255) | ControlGroup(500).HasFocus</visible>
        </control>
        <control type="grouplist" id="500">
            <visible>VideoPlayer.IsStereoscopic + ![Window.IsVisible(SliderDialog) | Window.IsVisible(OSDVideoSettings) | Window.IsVisible(OSDAudioSettings) | Window.IsVisible(VideoBookmarks)]</visible>
            <animation effect="fade" time="200">VisibleChange</animation>
            <animation effect="slide" start="0,0" end="55,0" time="0" condition="VideoPlayer.Content(LiveTV)">Conditional</animation>
            <animation effect="slide" end="-145,0" time="0" tween="back" easing="out" condition="Skin.HasSetting(HideArtWorkOSD) | Skin.HasSetting(HideSeekBarOSD) + !Player.ShowInfo" reversible="true">Conditional</animation>
            <right>200</right>
            <bottom>45</bottom>
            <width>256</width>
            <height>220</height>
            <itemgap>0</itemgap>
            <onleft>500</onleft>
            <onright>500</onright>
            <onup>255</onup>
            <ondown>255</ondown>
            <orientation>vertical</orientation>
            <visible>Control.HasFocus(255) | ControlGroup(500).HasFocus | Control.HasFocus(520)</visible>
            <include>VisibleFadeEffect</include>
            <control type="group">
                <description>Header</description>
                <width>256</width>
                <height>40</height>
                <control type="image">
                    <description>Header</description>
                    <left>0</left>
                    <top>0</top>
                    <width>256</width>
                    <height>40</height>
                    <texture border="20,18,20,0">SubMenuBack-Header.png</texture>
                </control>
                <control type="label" id="">
                    <left>0</left>
                    <top>20</top>
                    <width>256</width>
                    <height>15</height>
                    <font>font12</font>
                    <label>36501</label>
                    <textcolor>$VAR[MainColorOne]</textcolor>
                    <align>center</align>
                    <aligny>center</aligny>
                </control>
            </control>
            <control type="radiobutton" id="503">
                <height>40</height>
                <width>256</width>
                <textoffsetx>30</textoffsetx>
                <aligny>center</aligny>
                <font>font13</font>
                <label>31362</label>
                <radioposx>200</radioposx>
                <texturefocus border="25,5,25,5">SubMenuBack-MiddleFO.png</texturefocus>
                <texturenofocus border="25,5,25,5">SubMenuBack-MiddleNF.png</texturenofocus>
                <onclick>ToggleStereoMode</onclick>
                <selected>IntegerGreaterThan(System.StereoscopicMode,0)</selected>
                <pulseonselect>false</pulseonselect>
            </control>
            <control type="button" id="502">
                <height>40</height>
                <width>256</width>
                <aligny>center</aligny>
                <font>font13</font>
                <textoffsetx>30</textoffsetx>
                <texturefocus border="25,5,25,5">SubMenuBack-MiddleFO.png</texturefocus>
                <texturenofocus border="25,5,25,5">SubMenuBack-MiddleNF.png</texturenofocus>
                <pulseonselect>false</pulseonselect>
                <label>31361</label>
                <onclick>StereoMode</onclick>
            </control>
            <control type="radiobutton" id="501">
                <height>40</height>
                <width>256</width>
                <textoffsetx>30</textoffsetx>
                <aligny>center</aligny>
                <font>font13</font>
                <label>31360</label>
                <radioposx>200</radioposx>
                <texturefocus border="25,5,25,5">SubMenuBack-MiddleFO.png</texturefocus>
                <texturenofocus border="25,5,25,5">SubMenuBack-MiddleNF.png</texturenofocus>
                <onclick>StereoModeToMono</onclick>
                <selected>StringCompare(System.StereoscopicMode,7)</selected>
                <pulseonselect>false</pulseonselect>
            </control>
            <control type="image" id="549">
                <description>Footer</description>
                <width>256</width>
                <height>52</height>
                <texture border="20,0,20,50">SubMenuBack-Footer.png</texture>
            </control>
        </control>
        <!-- STEREOSCOPIC 3D LiveTV -->
        <control type="button" id="570">
            <description>Fake button for mouse control</description>
            <right>145</right>
            <bottom>60</bottom>
            <width>256</width>
            <height>210</height>
            <label>-</label>
            <font>-</font>
            <texturenofocus>-</texturenofocus>
            <texturefocus colordiffuse="$VAR[MainColorOne]">-</texturefocus>
            <visible>Control.HasFocus(570) | Control.HasFocus(354) | ControlGroup(550).HasFocus</visible>
        </control>
        <control type="grouplist" id="550">
            <visible>videoplayer.isstereoscopic + ![Window.IsVisible(SliderDialog) | Window.IsVisible(OSDVideoSettings) | Window.IsVisible(OSDAudioSettings) | Window.IsVisible(VideoBookmarks) | Window.IsVisible(PVROSDChannels) | Window.IsVisible(PVROSDGuide)]</visible>
            <animation effect="fade" time="200">VisibleChange</animation>
            <right>145</right>
            <bottom>45</bottom>
            <width>256</width>
            <height>220</height>
            <itemgap>0</itemgap>
            <onleft>550</onleft>
            <onright>550</onright>
            <onup>354</onup>
            <ondown>354</ondown>
            <orientation>vertical</orientation>
            <visible>Control.HasFocus(354) | ControlGroup(550).HasFocus | Control.HasFocus(570)</visible>
            <include>VisibleFadeEffect</include>
            <control type="group">
                <description>Header</description>
                <width>256</width>
                <height>40</height>
                <control type="image">
                    <description>Header</description>
                    <left>0</left>
                    <top>0</top>
                    <width>256</width>
                    <height>40</height>
                    <texture border="20,18,20,0">SubMenuBack-Header.png</texture>
                </control>
                <control type="label" id="">
                    <left>0</left>
                    <top>20</top>
                    <width>256</width>
                    <height>15</height>
                    <font>font12</font>
                    <label>36501</label>
                    <textcolor>$VAR[MainColorOne]</textcolor>
                    <align>center</align>
                    <aligny>center</aligny>
                </control>
            </control>
            <control type="radiobutton" id="553">
                <height>40</height>
                <width>256</width>
                <textoffsetx>30</textoffsetx>
                <aligny>center</aligny>
                <font>font13</font>
                <label>31362</label>
                <radioposx>200</radioposx>
                <texturefocus border="25,5,25,5">SubMenuBack-MiddleFO.png</texturefocus>
                <texturenofocus border="25,5,25,5">SubMenuBack-MiddleNF.png</texturenofocus>
                <onclick>ToggleStereoMode</onclick>
                <selected>IntegerGreaterThan(System.StereoscopicMode,0)</selected>
                <pulseonselect>false</pulseonselect>
            </control>
            <control type="button" id="552">
                <height>40</height>
                <width>256</width>
                <aligny>center</aligny>
                <font>font13</font>
                <textoffsetx>30</textoffsetx>
                <texturefocus border="25,5,25,5">SubMenuBack-MiddleFO.png</texturefocus>
                <texturenofocus border="25,5,25,5">SubMenuBack-MiddleNF.png</texturenofocus>
                <pulseonselect>false</pulseonselect>
                <label>31361</label>
                <onclick>StereoMode</onclick>
            </control>
            <control type="radiobutton" id="551">
                <height>40</height>
                <width>256</width>
                <textoffsetx>30</textoffsetx>
                <aligny>center</aligny>
                <font>font13</font>
                <label>31360</label>
                <radioposx>200</radioposx>
                <texturefocus border="25,5,25,5">SubMenuBack-MiddleFO.png</texturefocus>
                <texturenofocus border="25,5,25,5">SubMenuBack-MiddleNF.png</texturenofocus>
                <onclick>StereoModeToMono</onclick>
                <selected>StringCompare(System.StereoscopicMode,7)</selected>
                <pulseonselect>false</pulseonselect>
            </control>
            <control type="image" id="599">
                <description>Footer</description>
                <width>256</width>
                <height>52</height>
                <texture border="20,0,20,50">SubMenuBack-Footer.png</texture>
            </control>
        </control>
    </controls>
</window>