<?xml version="1.0" encoding="UTF-8"?>
<window id="136">  
  <coordinates>
    <left>0</left>
    <top>0</top>
  </coordinates>
  <!-- <include>OpenClose</include> -->
  <controls>
	<control type="group" description="BUSY DIALOG">
		<visible>!Window.IsActive(dialogprogress.xml)</visible> <!-- BUSY dialog OVERLAPS PROGRESS dialog -->
			<control type="image" description="Busy BG">
			  <left>0</left>
			  <top>0</top>
			  <width>1920</width>
			  <height>1080</height>
			  <texture>busy/BusyBG.png</texture>
			  <aspectratio>stretch</aspectratio>
			</control>
			<control type="image">
				<centerleft>50%</centerleft>
				<centertop>50%</centertop>
				<width>94</width>
				<height>94</height>
				<texture>common/spinner_outer.png</texture>
				<animation effect="rotate" end="-360" center="auto" time="1680" loop="true" reversible="false" condition="true">Conditional</animation>
			</control>
			<control type="image">
				<centerleft>50%</centerleft>
				<centertop>50%</centertop>
				<width>94</width>
				<height>94</height>
				<texture>common/spinner_inner.png</texture>
				<animation effect="rotate" end="360" center="auto" time="1120" loop="true" reversible="false" condition="true">Conditional</animation>
			</control>
	</control>
	</controls>
</window>
