<?xml version="1.0" encoding="utf-8"?>
<window type="dialog" id="1155">
	<defaultcontrol always="true">450</defaultcontrol>
	<coordinates>
		<system>1</system>
		<left>0</left>
		<top>0</top>
	</coordinates>
	<onload condition="Skin.HasSetting(EnablePingWOL) + Skin.String(PingMacAddr)">WakeOnLan($INFO[Skin.String(PingMacAddr)])</onload>
	<controls>
		<control type="group">
			<control type="list" id="8050">
				<content>$VAR[UPnPServersAvail]</content>
			</control>
			<animation effect="slide" start="400,0" end="0,0" time="400" tween="quadratic" easing="out" condition="!Skin.HasSetting(DisableAnimations)">WindowOpen</animation>
			<animation effect="slide" start="0,0" end="400,0" time="400" tween="quadratic" easing="out" condition="!Skin.HasSetting(DisableAnimations)">WindowClose</animation>
			<control type="image">
				<left>400r</left>
				<top>0</top>
				<width>400</width>
				<height>720</height>
				<texture border="15,0,0,0" flipx="true" colordiffuse="$VAR[MenuBarColor]">MediaBladeSub.png</texture>
			</control>
			<control type="button">
				<description>Close Window button</description>
				<left>380r</left>
				<top>0</top>
				<width>64</width>
				<height>32</height>
				<label>-</label>
				<font>-</font>
				<onclick>PreviousMenu</onclick>
				<texturefocus colordiffuse="$VAR[MenuBarColor]">DialogClose.png</texturefocus>
				<texturenofocus>DialogClose.png</texturenofocus>
				<onleft>450</onleft>
				<onright>450</onright>
				<onup>450</onup>
				<ondown>450</ondown>
				<visible>system.getbool(input.enablemouse)</visible>
			</control>
			<control type="image">
				<left>380r</left>
				<top>0</top>
				<width>64</width>
				<height>32</height>
				<texture>DialogCloseBtn.png</texture>
				<visible>system.getbool(input.enablemouse)</visible>
			</control>
			<control type="label">
				<left>380r</left>
				<top>35</top>
				<width>360</width>
				<height>40</height>
				<font>font13_title</font>
				<align>center</align>
				<aligny>center</aligny>
				<textcolor>$VAR[MainColorOne]</textcolor>
				<shadowcolor>black</shadowcolor>
				<label>$LOCALIZE[31150]</label>
			</control>
			<control type="image">
				<left>390r</left>
				<top>80</top>
				<width>360</width>
				<height>200</height>
				<aspectratio align="center">keep</aspectratio>
				<fadetime>IconCrossfadeTime</fadetime>
				<texture fallback="DefaultNetwork.png">$INFO[Container(450).ListItem.icon]</texture>
				<bordertexture border="8">ThumbShadow.png</bordertexture>
				<bordersize>8</bordersize>
			</control>
			<control type="list" id="450">
				<left>390r</left>
				<top>290</top>
				<width>355</width>
				<height>360</height>
				<onup>450</onup>
				<onleft>Dialog.Close(1155)</onleft>
				<onright>60</onright>
				<ondown>450</ondown>
				<pagecontrol>60</pagecontrol>
				<scrolltime>200</scrolltime>
				<itemlayout height="40">
					<control type="image">
						<left>0</left>
						<top>0</top>
						<width>360</width>
						<height>40</height>
						<texture border="5">button-nofocus.png</texture>
					</control>
					<control type="label">
						<left>10</left>
						<top>0</top>
						<width>350</width>
						<height>40</height>
						<font>font12_title</font>
						<align>left</align>
						<aligny>center</aligny>
						<selectedcolor>$VAR[SelectedColor]</selectedcolor>
						<info>ListItem.label</info>
					</control>
				</itemlayout>
				<focusedlayout height="40">
					<control type="image">
						<left>0</left>
						<top>0</top>
						<width>370</width>
						<height>40</height>
						<visible>!Control.HasFocus(450)</visible>
						<texture border="3">button-nofocus.png</texture>
					</control>
					<control type="image">
						<left>0</left>
						<top>0</top>
						<width>370</width>
						<height>40</height>
						<visible>Control.HasFocus(450)</visible>
						<texture border="3" colordiffuse="$VAR[MenuBarColor]">button-focus.png</texture>
					</control>
					<control type="label">
						<left>10</left>
						<top>0</top>
						<width>350</width>
						<height>40</height>
						<font>font12_title</font>
						<align>left</align>
						<aligny>center</aligny>
						<selectedcolor>$VAR[SelectedColor]</selectedcolor>
						<info>ListItem.label</info>
					</control>
				</focusedlayout>
				<content>
					<item>
						<description>Clear Setting</description>
						<label>$LOCALIZE[31317]</label>
						<icon>DefaultIconWarning.png</icon>
						<thumb>DefaultIconWarning.png</thumb>
						<onclick>Skin.Reset(UPnP_Path)</onclick>
						<onclick>Skin.Reset(UPnP_Name)</onclick>
						<onclick>Dialog.Close(1155)</onclick>
					</item>
					<item>
						<label>$INFO[Container(8050).ListItem(0).Label]</label>
						<icon>$INFO[Container(8050).ListItem(0).Icon]</icon>
						<thumb>$INFO[Container(8050).ListItem(0).Thumb]</thumb>
						<onclick>Skin.SetString(UPnP_Path,$INFO[Container(8050).ListItem(0).FileNameAndPath])</onclick>
						<onclick>Skin.SetString(UPnP_Name,$INFO[Container(8050).ListItem(0).Label])</onclick>
						<onclick>Dialog.Close(1155)</onclick>
						<visible>IntegerGreaterThan(Container(8050).NumItems,0)</visible>
					</item>
					<item>
						<label>$INFO[Container(8050).ListItem(1).Label]</label>
						<icon>$INFO[Container(8050).ListItem(1).Icon]</icon>
						<thumb>$INFO[Container(8050).ListItem(1).Thumb]</thumb>
						<onclick>Skin.SetString(UPnP_Path,$INFO[Container(8050).ListItem(1).FileNameAndPath])</onclick>
						<onclick>Skin.SetString(UPnP_Name,$INFO[Container(8050).ListItem(1).Label])</onclick>
						<onclick>Dialog.Close(1155)</onclick>
						<visible>IntegerGreaterThan(Container(8050).NumItems,1)</visible>
					</item>
					<item>
						<label>$INFO[Container(8050).ListItem(2).Label]</label>
						<icon>$INFO[Container(8050).ListItem(2).Icon]</icon>
						<thumb>$INFO[Container(8050).ListItem(2).Thumb]</thumb>
						<onclick>Skin.SetString(UPnP_Path,$INFO[Container(8050).ListItem(2).FileNameAndPath])</onclick>
						<onclick>Skin.SetString(UPnP_Name,$INFO[Container(8050).ListItem(2).Label])</onclick>
						<onclick>Dialog.Close(1155)</onclick>
						<visible>IntegerGreaterThan(Container(8050).NumItems,2)</visible>
					</item>
					<item>
						<label>$INFO[Container(8050).ListItem(3).Label]</label>
						<icon>$INFO[Container(8050).ListItem(3).Icon]</icon>
						<thumb>$INFO[Container(8050).ListItem(3).Thumb]</thumb>
						<onclick>Skin.SetString(UPnP_Path,$INFO[Container(8050).ListItem(3).FileNameAndPath])</onclick>
						<onclick>Skin.SetString(UPnP_Name,$INFO[Container(8050).ListItem(3).Label])</onclick>
						<onclick>Dialog.Close(1155)</onclick>
						<visible>IntegerGreaterThan(Container(8050).NumItems,3)</visible>
					</item>
					<item>
						<label>$INFO[Container(8050).ListItem(4).Label]</label>
						<icon>$INFO[Container(8050).ListItem(4).Icon]</icon>
						<thumb>$INFO[Container(8050).ListItem(4).Thumb]</thumb>
						<onclick>Skin.SetString(UPnP_Path,$INFO[Container(8050).ListItem(4).FileNameAndPath])</onclick>
						<onclick>Skin.SetString(UPnP_Name,$INFO[Container(8050).ListItem(4).Label])</onclick>
						<onclick>Dialog.Close(1155)</onclick>
						<visible>IntegerGreaterThan(Container(8050).NumItems,4)</visible>
					</item>
					<item>
						<label>$INFO[Container(8050).ListItem(5).Label]</label>
						<icon>$INFO[Container(8050).ListItem(5).Icon]</icon>
						<thumb>$INFO[Container(8050).ListItem(5).Thumb]</thumb>
						<onclick>Skin.SetString(UPnP_Path,$INFO[Container(8050).ListItem(5).FileNameAndPath])</onclick>
						<onclick>Skin.SetString(UPnP_Name,$INFO[Container(8050).ListItem(5).Label])</onclick>
						<onclick>Dialog.Close(1155)</onclick>
						<visible>IntegerGreaterThan(Container(8050).NumItems,5)</visible>
					</item>
					<item>
						<label>$INFO[Container(8050).ListItem(6).Label]</label>
						<icon>$INFO[Container(8050).ListItem(6).Icon]</icon>
						<thumb>$INFO[Container(8050).ListItem(6).Thumb]</thumb>
						<onclick>Skin.SetString(UPnP_Path,$INFO[Container(8050).ListItem(6).FileNameAndPath])</onclick>
						<onclick>Skin.SetString(UPnP_Name,$INFO[Container(8050).ListItem(6).Label])</onclick>
						<onclick>Dialog.Close(1155)</onclick>
						<visible>IntegerGreaterThan(Container(8050).NumItems,6)</visible>
					</item>
					<item>
						<label>$INFO[Container(8050).ListItem(7).Label]</label>
						<icon>$INFO[Container(8050).ListItem(7).Icon]</icon>
						<thumb>$INFO[Container(8050).ListItem(7).Thumb]</thumb>
						<onclick>Skin.SetString(UPnP_Path,$INFO[Container(8050).ListItem(7).FileNameAndPath])</onclick>
						<onclick>Skin.SetString(UPnP_Name,$INFO[Container(8050).ListItem(7).Label])</onclick>
						<onclick>Dialog.Close(1155)</onclick>
						<visible>IntegerGreaterThan(Container(8050).NumItems,7)</visible>
					</item>
					<item>
						<label>$INFO[Container(8050).ListItem(8).Label]</label>
						<icon>$INFO[Container(8050).ListItem(8).Icon]</icon>
						<thumb>$INFO[Container(8050).ListItem(8).Thumb]</thumb>
						<onclick>Skin.SetString(UPnP_Path,$INFO[Container(8050).ListItem(8).FileNameAndPath])</onclick>
						<onclick>Skin.SetString(UPnP_Name,$INFO[Container(8050).ListItem(8).Label])</onclick>
						<onclick>Dialog.Close(1155)</onclick>
						<visible>IntegerGreaterThan(Container(8050).NumItems,8)</visible>
					</item>
					<item>
						<label>$INFO[Container(8050).ListItem(9).Label]</label>
						<icon>$INFO[Container(8050).ListItem(9).Icon]</icon>
						<thumb>$INFO[Container(8050).ListItem(9).Thumb]</thumb>
						<onclick>Skin.SetString(UPnP_Path,$INFO[Container(8050).ListItem(9).FileNameAndPath])</onclick>
						<onclick>Skin.SetString(UPnP_Name,$INFO[Container(8050).ListItem(9).Label])</onclick>
						<onclick>Dialog.Close(1155)</onclick>
						<visible>IntegerGreaterThan(Container(8050).NumItems,9)</visible>
					</item>
					<item>
						<label>$INFO[Container(8050).ListItem(10).Label]</label>
						<icon>$INFO[Container(8050).ListItem(10).Icon]</icon>
						<thumb>$INFO[Container(8050).ListItem(10).Thumb]</thumb>
						<onclick>Skin.SetString(UPnP_Path,$INFO[Container(8050).ListItem(10).FileNameAndPath])</onclick>
						<onclick>Skin.SetString(UPnP_Name,$INFO[Container(8050).ListItem(10).Label])</onclick>
						<onclick>Dialog.Close(1155)</onclick>
						<visible>IntegerGreaterThan(Container(8050).NumItems,10)</visible>
					</item>
					<item>
						<label>$INFO[Container(8050).ListItem(11).Label]</label>
						<icon>$INFO[Container(8050).ListItem(11).Icon]</icon>
						<thumb>$INFO[Container(8050).ListItem(11).Thumb]</thumb>
						<onclick>Skin.SetString(UPnP_Path,$INFO[Container(8050).ListItem(11).FileNameAndPath])</onclick>
						<onclick>Skin.SetString(UPnP_Name,$INFO[Container(8050).ListItem(11).Label])</onclick>
						<onclick>Dialog.Close(1155)</onclick>
						<visible>IntegerGreaterThan(Container(8050).NumItems,11)</visible>
					</item>
					<item>
						<label>$INFO[Container(8050).ListItem(12).Label]</label>
						<icon>$INFO[Container(8050).ListItem(12).Icon]</icon>
						<thumb>$INFO[Container(8050).ListItem(12).Thumb]</thumb>
						<onclick>Skin.SetString(UPnP_Path,$INFO[Container(8050).ListItem(12).FileNameAndPath])</onclick>
						<onclick>Skin.SetString(UPnP_Name,$INFO[Container(8050).ListItem(12).Label])</onclick>
						<onclick>Dialog.Close(1155)</onclick>
						<visible>IntegerGreaterThan(Container(8050).NumItems,12)</visible>
					</item>
					<item>
						<label>$INFO[Container(8050).ListItem(13).Label]</label>
						<icon>$INFO[Container(8050).ListItem(13).Icon]</icon>
						<thumb>$INFO[Container(8050).ListItem(13).Thumb]</thumb>
						<onclick>Skin.SetString(UPnP_Path,$INFO[Container(8050).ListItem(13).FileNameAndPath])</onclick>
						<onclick>Skin.SetString(UPnP_Name,$INFO[Container(8050).ListItem(13).Label])</onclick>
						<onclick>Dialog.Close(1155)</onclick>
						<visible>IntegerGreaterThan(Container(8050).NumItems,13)</visible>
					</item>
					<item>
						<label>$INFO[Container(8050).ListItem(14).Label]</label>
						<icon>$INFO[Container(8050).ListItem(14).Icon]</icon>
						<thumb>$INFO[Container(8050).ListItem(14).Thumb]</thumb>
						<onclick>Skin.SetString(UPnP_Path,$INFO[Container(8050).ListItem(14).FileNameAndPath])</onclick>
						<onclick>Skin.SetString(UPnP_Name,$INFO[Container(8050).ListItem(14).Label])</onclick>
						<onclick>Dialog.Close(1155)</onclick>
						<visible>IntegerGreaterThan(Container(8050).NumItems,14)</visible>
					</item>
					<item>
						<label>$INFO[Container(8050).ListItem(15).Label]</label>
						<icon>$INFO[Container(8050).ListItem(15).Icon]</icon>
						<thumb>$INFO[Container(8050).ListItem(15).Thumb]</thumb>
						<onclick>Skin.SetString(UPnP_Path,$INFO[Container(8050).ListItem(15).FileNameAndPath])</onclick>
						<onclick>Skin.SetString(UPnP_Name,$INFO[Container(8050).ListItem(15).Label])</onclick>
						<onclick>Dialog.Close(1155)</onclick>
						<visible>IntegerGreaterThan(Container(8050).NumItems,15)</visible>
					</item>
					<item>
						<label>$INFO[Container(8050).ListItem(16).Label]</label>
						<icon>$INFO[Container(8050).ListItem(16).Icon]</icon>
						<thumb>$INFO[Container(8050).ListItem(16).Thumb]</thumb>
						<onclick>Skin.SetString(UPnP_Path,$INFO[Container(8050).ListItem(16).FileNameAndPath])</onclick>
						<onclick>Skin.SetString(UPnP_Name,$INFO[Container(8050).ListItem(16).Label])</onclick>
						<onclick>Dialog.Close(1155)</onclick>
						<visible>IntegerGreaterThan(Container(8050).NumItems,16)</visible>
					</item>
					<item>
						<label>$INFO[Container(8050).ListItem(17).Label]</label>
						<icon>$INFO[Container(8050).ListItem(17).Icon]</icon>
						<thumb>$INFO[Container(8050).ListItem(17).Thumb]</thumb>
						<onclick>Skin.SetString(UPnP_Path,$INFO[Container(8050).ListItem(17).FileNameAndPath])</onclick>
						<onclick>Skin.SetString(UPnP_Name,$INFO[Container(8050).ListItem(17).Label])</onclick>
						<onclick>Dialog.Close(1155)</onclick>
						<visible>IntegerGreaterThan(Container(8050).NumItems,17)</visible>
					</item>
					<item>
						<label>$INFO[Container(8050).ListItem(18).Label]</label>
						<icon>$INFO[Container(8050).ListItem(18).Icon]</icon>
						<thumb>$INFO[Container(8050).ListItem(18).Thumb]</thumb>
						<onclick>Skin.SetString(UPnP_Path,$INFO[Container(8050).ListItem(18).FileNameAndPath])</onclick>
						<onclick>Skin.SetString(UPnP_Name,$INFO[Container(8050).ListItem(18).Label])</onclick>
						<onclick>Dialog.Close(1155)</onclick>
						<visible>IntegerGreaterThan(Container(8050).NumItems,18)</visible>
					</item>
					<item>
						<label>$INFO[Container(8050).ListItem(19).Label]</label>
						<icon>$INFO[Container(8050).ListItem(19).Icon]</icon>
						<thumb>$INFO[Container(8050).ListItem(19).Thumb]</thumb>
						<onclick>Skin.SetString(UPnP_Path,$INFO[Container(8050).ListItem(19).FileNameAndPath])</onclick>
						<onclick>Skin.SetString(UPnP_Name,$INFO[Container(8050).ListItem(19).Label])</onclick>
						<onclick>Dialog.Close(1155)</onclick>
						<visible>IntegerGreaterThan(Container(8050).NumItems,19)</visible>
					</item>
					<item>
						<description>Manual Browse</description>
						<label>$LOCALIZE[1015]</label>
						<icon>DefaultNetwork.png</icon>
						<thumb>DefaultNetwork.png</thumb>
						<onclick>Dialog.Close(1155)</onclick>
						<onclick>Skin.Reset(UPnP_Path)</onclick>
						<onclick>Skin.Reset(UPnP_Name)</onclick>
						<onclick>Skin.SetPath(UPnP_Path)</onclick>
					</item>
				</content>
			</control>
			<control type="scrollbar" id="60">
				<left>1250</left>
				<top>280</top>
				<width>25</width>
				<height>380</height>
				<include>PageScrollBar</include>
				<onleft>450</onleft>
				<onright>450</onright>
				<showonepage>false</showonepage>
				<orientation>vertical</orientation>
				<visible>Control.IsVisible(450)</visible>
			</control>
			<control type="label">
				<description>Page label</description>
				<right>30</right>
				<top>670</top>
				<width>350</width>
				<height>30</height>
				<align>right</align>
				<aligny>center</aligny>
				<font>font12</font>
				<textcolor>grey</textcolor>
				<label>([COLOR=$VAR[MainColorOne]]$INFO[Container(450).NumItems][/COLOR]) $LOCALIZE[31259] - $LOCALIZE[31319] ([COLOR=$VAR[MainColorOne]]$INFO[Container(450).CurrentPage]/$INFO[Container(450).NumPages][/COLOR])</label>
			</control>
		</control>
	</controls>
</window>
