<?xml version="1.0" encoding="utf-8"?>
<window type="dialog" id="1175">
	<defaultcontrol always="true">450</defaultcontrol>
	<coordinates>
		<system>1</system>
		<left>0</left>
		<top>0</top>
	</coordinates>
	<controls>
		<control type="group">
			<animation effect="slide" start="400,0" end="0,0" time="400" tween="quadratic" easing="out" condition="!Skin.HasSetting(DisableAnimations)">WindowOpen</animation>
			<animation effect="slide" start="0,0" end="400,0" time="400" tween="quadratic" easing="out" condition="!Skin.HasSetting(DisableAnimations)">WindowClose</animation>
			<control type="image">
				<left>400r</left>
				<top>0</top>
				<width>400</width>
				<height>720</height>
				<texture border="15,0,0,0" flipx="true" colordiffuse="$VAR[MenuBarColor]">MediaBladeSub.png</texture>
			</control>
			<control type="button">
				<description>Close Window button</description>
				<left>380r</left>
				<top>0</top>
				<width>64</width>
				<height>32</height>
				<onclick>PreviousMenu</onclick>
				<texturefocus colordiffuse="$VAR[MenuBarColor]">DialogClose.png</texturefocus>
				<texturenofocus>DialogClose.png</texturenofocus>
				<onleft>450</onleft>
				<onright>450</onright>
				<onup>450</onup>
				<ondown>450</ondown>
				<visible>system.getbool(input.enablemouse)</visible>
			</control>
			<control type="image">
				<left>380r</left>
				<top>0</top>
				<width>64</width>
				<height>32</height>
				<texture>DialogCloseBtn.png</texture>
				<visible>system.getbool(input.enablemouse)</visible>
			</control>
			<control type="label">
				<left>360r</left>
				<top>240</top>
				<width>325</width>
				<height>30</height>
				<font>font14</font>
				<align>center</align>
				<aligny>center</aligny>
				<textcolor>$VAR[MainColorOne]</textcolor>
				<label>[B]$LOCALIZE[31191][/B]</label>
			</control>
			<control type="image">
				<left>380r</left>
				<top>35</top>
				<width>350</width>
				<height>200</height>
				<aspectratio align="center">stretch</aspectratio>
				<fadetime>IconCrossfadeTime</fadetime>
				<texture fallback="SmallFanartFallback.jpg" diffuse="episodematte.png">$INFO[Container(450).ListItem.Thumb]</texture>
				<bordertexture border="8">ThumbShadow.png</bordertexture>
				<bordersize>8</bordersize>
			</control>
			<control type="list" id="450">
				<left>390r</left>
				<top>280</top>
				<width>450</width>
				<height>400</height>
				<onup>450</onup>
				<onleft>Dialog.Close(1175)</onleft>
				<onright>60</onright>
				<ondown>450</ondown>
				<pagecontrol>60</pagecontrol>
				<scrolltime>200</scrolltime>
				<itemlayout height="40">
					<control type="image">
						<left>0</left>
						<top>0</top>
						<width>360</width>
						<height>40</height>
						<texture border="5">button-nofocus.png</texture>
					</control>
					<control type="label">
						<left>10</left>
						<top>0</top>
						<width>340</width>
						<height>40</height>
						<font>font12_title</font>
						<align>left</align>
						<aligny>center</aligny>
						<selectedcolor>$VAR[SelectedColor]</selectedcolor>
						<label>$INFO[ListItem.label]</label>
					</control>
				</itemlayout>
				<focusedlayout height="40">
					<control type="image">
						<left>0</left>
						<top>0</top>
						<width>370</width>
						<height>40</height>
						<visible>!Control.HasFocus(450)</visible>
						<texture border="3">button-nofocus.png</texture>
					</control>
					<control type="image">
						<left>0</left>
						<top>0</top>
						<width>360</width>
						<height>40</height>
						<visible>Control.HasFocus(450)</visible>
						<texture border="3" colordiffuse="$VAR[MenuBarColor]">button-focus.png</texture>
					</control>
					<control type="label">
						<left>10</left>
						<top>0</top>
						<width>340</width>
						<height>40</height>
						<font>font12_title</font>
						<align>left</align>
						<aligny>center</aligny>
						<selectedcolor>$VAR[SelectedColor]</selectedcolor>
						<label>$INFO[ListItem.label]</label>
					</control>
				</focusedlayout>
				<content>
					<item id="1">
						<label>$INFO[Window(home).Property(RecommendedAlbum.1.Title)]</label>
						<label2>$INFO[Window(home).Property(RecommendedAlbum.1.Artist)]</label2>
						<onclick>PlayList.Clear</onclick>
						<onclick>Dialog.Close(1175)</onclick>
						<onclick>$INFO[Window(home).Property(RecommendedAlbum.1.Play)]</onclick>
						<onclick>fullscreen</onclick>
						<icon>$INFO[Window(home).Property(RecommendedAlbum.1.Thumb)]</icon>
						<thumb>$INFO[Window(home).Property(RecommendedAlbum.1.fanart)]</thumb>
						<visible>!IsEmpty(Window(home).Property(RecommendedAlbum.1.Title))</visible>
					</item>
					<item id="2">
						<label>$INFO[Window(home).Property(RecommendedAlbum.2.Title)]</label>
						<label2>$INFO[Window(home).Property(RecommendedAlbum.2.Artist)]</label2>
						<onclick>PlayList.Clear</onclick>
						<onclick>Dialog.Close(1175)</onclick>
						<onclick>$INFO[Window(home).Property(RecommendedAlbum.2.Play)]</onclick>
						<onclick>fullscreen</onclick>
						<icon>$INFO[Window(home).Property(RecommendedAlbum.2.Thumb)]</icon>
						<thumb>$INFO[Window(home).Property(RecommendedAlbum.2.fanart)]</thumb>
						<visible>!IsEmpty(Window(home).Property(RecommendedAlbum.2.Title))</visible>
					</item>
					<item id="3">
						<label>$INFO[Window(home).Property(RecommendedAlbum.3.Title)]</label>
						<label2>$INFO[Window(home).Property(RecommendedAlbum.3.Artist)]</label2>
						<onclick>PlayList.Clear</onclick>
						<onclick>Dialog.Close(1175)</onclick>
						<onclick>$INFO[Window(home).Property(RecommendedAlbum.3.Play)]</onclick>
						<onclick>fullscreen</onclick>
						<icon>$INFO[Window(home).Property(RecommendedAlbum.3.Thumb)]</icon>
						<thumb>$INFO[Window(home).Property(RecommendedAlbum.3.fanart)]</thumb>
						<visible>!IsEmpty(Window(home).Property(RecommendedAlbum.3.Title))</visible>
					</item>
					<item id="4">
						<label>$INFO[Window(home).Property(RecommendedAlbum.4.Title)]</label>
						<label2>$INFO[Window(home).Property(RecommendedAlbum.4.Artist)]</label2>
						<onclick>PlayList.Clear</onclick>
						<onclick>Dialog.Close(1175)</onclick>
						<onclick>$INFO[Window(home).Property(RecommendedAlbum.4.Play)]</onclick>
						<onclick>fullscreen</onclick>
						<icon>$INFO[Window(home).Property(RecommendedAlbum.4.Thumb)]</icon>
						<thumb>$INFO[Window(home).Property(RecommendedAlbum.4.fanart)]</thumb>
						<visible>!IsEmpty(Window(home).Property(RecommendedAlbum.4.Title))</visible>
					</item>
					<item id="5">
						<label>$INFO[Window(home).Property(RecommendedAlbum.5.Title)]</label>
						<label2>$INFO[Window(home).Property(RecommendedAlbum.5.Artist)]</label2>
						<onclick>PlayList.Clear</onclick>
						<onclick>Dialog.Close(1175)</onclick>
						<onclick>$INFO[Window(home).Property(RecommendedAlbum.5.Play)]</onclick>
						<onclick>fullscreen</onclick>
						<icon>$INFO[Window(home).Property(RecommendedAlbum.5.Thumb)]</icon>
						<thumb>$INFO[Window(home).Property(RecommendedAlbum.5.fanart)]</thumb>
						<visible>!IsEmpty(Window(home).Property(RecommendedAlbum.5.Title))</visible>
					</item>
					<item id="6">
						<label>$INFO[Window(home).Property(RecommendedAlbum.6.Title)]</label>
						<label2>$INFO[Window(home).Property(RecommendedAlbum.6.Artist)]</label2>
						<onclick>PlayList.Clear</onclick>
						<onclick>Dialog.Close(1175)</onclick>
						<onclick>$INFO[Window(home).Property(RecommendedAlbum.6.Play)]</onclick>
						<onclick>fullscreen</onclick>
						<icon>$INFO[Window(home).Property(RecommendedAlbum.6.Thumb)]</icon>
						<thumb>$INFO[Window(home).Property(RecommendedAlbum.6.fanart)]</thumb>
						<visible>!IsEmpty(Window(home).Property(RecommendedAlbum.6.Title))</visible>
					</item>
					<item id="7">
						<label>$INFO[Window(home).Property(RecommendedAlbum.7.Title)]</label>
						<label2>$INFO[Window(home).Property(RecommendedAlbum.7.Artist)]</label2>
						<onclick>PlayList.Clear</onclick>
						<onclick>Dialog.Close(1175)</onclick>
						<onclick>$INFO[Window(home).Property(RecommendedAlbum.7.Play)]</onclick>
						<onclick>fullscreen</onclick>
						<icon>$INFO[Window(home).Property(RecommendedAlbum.7.Thumb)]</icon>
						<thumb>$INFO[Window(home).Property(RecommendedAlbum.7.fanart)]</thumb>
						<visible>!IsEmpty(Window(home).Property(RecommendedAlbum.7.Title))</visible>
					</item>
					<item id="8">
						<label>$INFO[Window(home).Property(RecommendedAlbum.8.Title)]</label>
						<label2>$INFO[Window(home).Property(RecommendedAlbum.8.Artist)]</label2>
						<onclick>PlayList.Clear</onclick>
						<onclick>Dialog.Close(1175)</onclick>
						<onclick>$INFO[Window(home).Property(RecommendedAlbum.8.Play)]</onclick>
						<onclick>fullscreen</onclick>
						<icon>$INFO[Window(home).Property(RecommendedAlbum.8.Thumb)]</icon>
						<thumb>$INFO[Window(home).Property(RecommendedAlbum.8.fanart)]</thumb>
						<visible>!IsEmpty(Window(home).Property(RecommendedAlbum.8.Title))</visible>
					</item>
					<item id="9">
						<label>$INFO[Window(home).Property(RecommendedAlbum.9.Title)]</label>
						<label2>$INFO[Window(home).Property(RecommendedAlbum.9.Artist)]</label2>
						<onclick>PlayList.Clear</onclick>
						<onclick>Dialog.Close(1175)</onclick>
						<onclick>$INFO[Window(home).Property(RecommendedAlbum.9.Play)]</onclick>
						<onclick>fullscreen</onclick>
						<icon>$INFO[Window(home).Property(RecommendedAlbum.9.Thumb)]</icon>
						<thumb>$INFO[Window(home).Property(RecommendedAlbum.9.fanart)]</thumb>
						<visible>!IsEmpty(Window(home).Property(RecommendedAlbum.9.Title))</visible>
					</item>
					<item id="10">
						<label>$INFO[Window(home).Property(RecommendedAlbum.10.Title)]</label>
						<label2>$INFO[Window(home).Property(RecommendedAlbum.10.Artist)]</label2>
						<onclick>PlayList.Clear</onclick>
						<onclick>Dialog.Close(1175)</onclick>
						<onclick>$INFO[Window(home).Property(RecommendedAlbum.10.Play)]</onclick>
						<onclick>fullscreen</onclick>
						<icon>$INFO[Window(home).Property(RecommendedAlbum.10.Thumb )]</icon>
						<thumb>$INFO[Window(home).Property(RecommendedAlbum.10.fanart)]</thumb>
						<visible>!IsEmpty(Window(home).Property(RecommendedAlbum.10.Title))</visible>
					</item>
					<item id="11">
						<label>$INFO[Window(home).Property(RecommendedAlbum.11.Title)]</label>
						<label2>$INFO[Window(home).Property(RecommendedAlbum.11.Artist)]</label2>
						<onclick>PlayList.Clear</onclick>
						<onclick>Dialog.Close(1175)</onclick>
						<onclick>$INFO[Window(home).Property(RecommendedAlbum.11.Play)]</onclick>
						<onclick>fullscreen</onclick>
						<icon>$INFO[Window(home).Property(RecommendedAlbum.11.Thumb)]</icon>
						<thumb>$INFO[Window(home).Property(RecommendedAlbum.11.fanart)]</thumb>
						<visible>!IsEmpty(Window(home).Property(RecommendedAlbum.11.Title))</visible>
					</item>
					<item id="12">
						<label>$INFO[Window(home).Property(RecommendedAlbum.12.Title)]</label>
						<label2>$INFO[Window(home).Property(RecommendedAlbum.12.Artist)]</label2>
						<onclick>PlayList.Clear</onclick>
						<onclick>Dialog.Close(1175)</onclick>
						<onclick>$INFO[Window(home).Property(RecommendedAlbum.12.Play)]</onclick>
						<onclick>fullscreen</onclick>
						<icon>$INFO[Window(home).Property(RecommendedAlbum.12.Thumb)]</icon>
						<thumb>$INFO[Window(home).Property(RecommendedAlbum.12.fanart)]</thumb>
						<visible>!IsEmpty(Window(home).Property(RecommendedAlbum.12.Title))</visible>
					</item>
					<item id="13">
						<label>$INFO[Window(home).Property(RecommendedAlbum.13.Title)]</label>
						<label2>$INFO[Window(home).Property(RecommendedAlbum.13.Artist)]</label2>
						<onclick>PlayList.Clear</onclick>
						<onclick>Dialog.Close(1175)</onclick>
						<onclick>$INFO[Window(home).Property(RecommendedAlbum.13.Play)]</onclick>
						<onclick>fullscreen</onclick>
						<icon>$INFO[Window(home).Property(RecommendedAlbum.13.Thumb)]</icon>
						<thumb>$INFO[Window(home).Property(RecommendedAlbum.13.fanart)]</thumb>
						<visible>!IsEmpty(Window(home).Property(RecommendedAlbum.13.Title))</visible>
					</item>
					<item id="14">
						<label>$INFO[Window(home).Property(RecommendedAlbum.14.Title)]</label>
						<label2>$INFO[Window(home).Property(RecommendedAlbum.14.Artist)]</label2>
						<onclick>PlayList.Clear</onclick>
						<onclick>Dialog.Close(1175)</onclick>
						<onclick>$INFO[Window(home).Property(RecommendedAlbum.14.Play)]</onclick>
						<onclick>fullscreen</onclick>
						<icon>$INFO[Window(home).Property(RecommendedAlbum.14.Thumb)]</icon>
						<thumb>$INFO[Window(home).Property(RecommendedAlbum.14.fanart)]</thumb>
						<visible>!IsEmpty(Window(home).Property(RecommendedAlbum.14.Title))</visible>
					</item>
					<item id="15">
						<label>$INFO[Window(home).Property(RecommendedAlbum.15.Title)]</label>
						<label2>$INFO[Window(home).Property(RecommendedAlbum.15.Artist)]</label2>
						<onclick>PlayList.Clear</onclick>
						<onclick>Dialog.Close(1175)</onclick>
						<onclick>$INFO[Window(home).Property(RecommendedAlbum.15.Play)]</onclick>
						<onclick>fullscreen</onclick>
						<icon>$INFO[Window(home).Property(RecommendedAlbum.15.Thumb)]</icon>
						<thumb>$INFO[Window(home).Property(RecommendedAlbum.15.fanart)]</thumb>
						<visible>!IsEmpty(Window(home).Property(RecommendedAlbum.15.Title))</visible>
					</item>
					<item id="16">
						<label>$INFO[Window(home).Property(RecommendedAlbum.16.Title)]</label>
						<label2>$INFO[Window(home).Property(RecommendedAlbum.16.Artist)]</label2>
						<onclick>PlayList.Clear</onclick>
						<onclick>Dialog.Close(1175)</onclick>
						<onclick>$INFO[Window(home).Property(RecommendedAlbum.16.Play)]</onclick>
						<onclick>fullscreen</onclick>
						<icon>$INFO[Window(home).Property(RecommendedAlbum.16.Thumb)]</icon>
						<thumb>$INFO[Window(home).Property(RecommendedAlbum.16.fanart)]</thumb>
						<visible>!IsEmpty(Window(home).Property(RecommendedAlbum.16.Title))</visible>
					</item>
					<item id="17">
						<label>$INFO[Window(home).Property(RecommendedAlbum.17.Title)]</label>
						<label2>$INFO[Window(home).Property(RecommendedAlbum.17.Artist)]</label2>
						<onclick>PlayList.Clear</onclick>
						<onclick>Dialog.Close(1175)</onclick>
						<onclick>$INFO[Window(home).Property(RecommendedAlbum.17.Play)]</onclick>
						<onclick>fullscreen</onclick>
						<icon>$INFO[Window(home).Property(RecommendedAlbum.17.Thumb)]</icon>
						<thumb>$INFO[Window(home).Property(RecommendedAlbum.17.fanart)]</thumb>
						<visible>!IsEmpty(Window(home).Property(RecommendedAlbum.17.Title))</visible>
					</item>
					<item id="18">
						<label>$INFO[Window(home).Property(RecommendedAlbum.18.Title)]</label>
						<label2>$INFO[Window(home).Property(RecommendedAlbum.18.Artist)]</label2>
						<onclick>PlayList.Clear</onclick>
						<onclick>Dialog.Close(1175)</onclick>
						<onclick>$INFO[Window(home).Property(RecommendedAlbum.18.Play)]</onclick>
						<onclick>fullscreen</onclick>
						<icon>$INFO[Window(home).Property(RecommendedAlbum.18.Thumb)]</icon>
						<thumb>$INFO[Window(home).Property(RecommendedAlbum.18.fanart)]</thumb>
						<visible>!IsEmpty(Window(home).Property(RecommendedAlbum.18.Title))</visible>
					</item>
					<item id="19">
						<label>$INFO[Window(home).Property(RecommendedAlbum.19.Title)]</label>
						<label2>$INFO[Window(home).Property(RecommendedAlbum.19.Artist)]</label2>
						<onclick>PlayList.Clear</onclick>
						<onclick>Dialog.Close(1175)</onclick>
						<onclick>$INFO[Window(home).Property(RecommendedAlbum.19.Play)]</onclick>
						<onclick>fullscreen</onclick>
						<icon>$INFO[Window(home).Property(RecommendedAlbum.19.Thumb)]</icon>
						<thumb>$INFO[Window(home).Property(RecommendedAlbum.19.fanart)]</thumb>
						<visible>!IsEmpty(Window(home).Property(RecommendedAlbum.19.Title))</visible>
					</item>
					<item id="20">
						<label>$INFO[Window(home).Property(RecommendedAlbum.20.Title)]</label>
						<label2>$INFO[Window(home).Property(RecommendedAlbum.20.Artist)]</label2>
						<onclick>PlayList.Clear</onclick>
						<onclick>Dialog.Close(1175)</onclick>
						<onclick>$INFO[Window(home).Property(RecommendedAlbum.20.Play)]</onclick>
						<onclick>fullscreen</onclick>
						<icon>$INFO[Window(home).Property(RecommendedAlbum.20.Thumb )]</icon>
						<thumb>$INFO[Window(home).Property(RecommendedAlbum.20.fanart)]</thumb>
						<visible>!IsEmpty(Window(home).Property(RecommendedAlbum.20.Title))</visible>
					</item>
					<item id="21">
						<label>$INFO[Window(home).Property(RecentAlbum.1.Title)]</label>
						<label2>$INFO[Window(home).Property(RecentAlbum.1.Artist)]</label2>
						<onclick>PlayList.Clear</onclick>
						<onclick>Dialog.Close(1175)</onclick>
						<onclick>$INFO[Window(home).Property(RecentAlbum.1.Play)]</onclick>
						<onclick>fullscreen</onclick>
						<icon>$INFO[Window(home).Property(RecentAlbum.1.Thumb)]</icon>
						<thumb>$INFO[Window(home).Property(RecentAlbum.1.fanart)]</thumb>
						<visible>IsEmpty(Window(home).Property(RecommendedAlbum.1.Title)) + !IsEmpty(Window(home).Property(RecentAlbum.1.Title))</visible>
					</item>
					<item id="22">
						<label>31252</label>
						<label2>31252</label2>
						<onclick>PreviousMenu</onclick>
						<icon>DefaultAlbumCover.png</icon>
						<thumb>SmallFanartFallback.jpg</thumb>
						<visible>IsEmpty(Window(home).Property(RecommendedAlbum.1.Title)) + IsEmpty(Window(home).Property(RecentAlbum.1.Title))</visible>
					</item>
				</content>
			</control>
			<control type="scrollbar" id="60">
				<left>1256</left>
				<top>280</top>
				<width>25</width>
				<height>400</height>
				<include>PageScrollBar</include>
				<onleft>450</onleft>
				<onright>450</onright>
				<showonepage>false</showonepage>
				<orientation>vertical</orientation>
				<visible>Control.IsVisible(450)</visible>
			</control>
		</control>
	</controls>
</window>
