<?xml version="1.0" encoding="UTF-8"?>
<window>
	<animation effect="fade" start="0" end="100" time="200">WindowOpen</animation>
	<animation effect="fade" start="100" end="0" time="200">WindowClose</animation>
	<coordinates>
		<left>0</left>
		<top>0</top>
	</coordinates>
	<controls>
		<control type="group">
			<left>0</left>
			<top>0</top>
			<control type="image">
				<description>background image</description>
				<left>0</left>
				<top>0</top>
				<width>400</width>
				<height>65</height>
				<colordiffuse>AAFFFFFF</colordiffuse>
				<texture border="20">ContentPanel.png</texture>
			</control>
			<control type="image" id="400">
				<description>avatar</description>
				<left>10</left>
				<top>8</top>
				<width>50</width>
				<height>50</height>
				<aspectratio>keep</aspectratio>
				<texture>DefaultIconInfo.png</texture>
			</control>
			<control type="fadelabel" id="401">
				<description>Line 1 Label</description>
				<left>65</left>
				<top>15</top>
				<width>320</width>
				<height>18</height>
				<font>font12_title</font>
				<textcolor>$VAR[MainColorTwo]</textcolor>
				<align>left</align>
				<aligny>center</aligny>
				<scrollout>false</scrollout>
				<pauseatend>2000</pauseatend>
			</control>
			<control type="fadelabel" id="402">
				<description>Line 2 Label</description>
				<left>65</left>
				<top>35</top>
				<width>320</width>
				<height>20</height>
				<font>font12_title</font>
				<textcolor>grey2</textcolor>
				<align>left</align>
				<aligny>center</aligny>
				<scrollout>false</scrollout>
				<pauseatend>2000</pauseatend>
			</control>
		</control>
	</controls>
</window>
