<?xml version="1.0" encoding="utf-8"?>
<window>
	<defaultcontrol>20</defaultcontrol>
	<allowoverlay>no</allowoverlay>
	<controls>
		<include>CommonBackground</include>
		<control type="image">
			<include>Window_OpenClose_Animation</include>
			<include>VisibleFadeEffect</include>
			<left>0</left>
			<top>0</top>
			<width>640</width>
			<height>720</height>
			<aspectratio>stretch</aspectratio>
			<texture>black-back.png</texture>
			<visible>!Control.HasFocus(21)</visible>
		</control>
		<control type="image">
			<include>Window_OpenClose_Animation</include>
			<include>VisibleFadeEffect</include>
			<left>640</left>
			<top>0</top>
			<width>640</width>
			<height>720</height>
			<aspectratio>stretch</aspectratio>
			<texture>black-back.png</texture>
			<visible>!Control.HasFocus(20)</visible>
		</control>
		<include>BehindDialogFadeOut</include>
		<include>MediaViewBackgrounds</include>
		<include>FloorReturnButtons</include>
		<control type="button" id="800">
			<include>InvisibleButton</include>
			<onleft>801</onleft>
			<onright>804</onright>
			<onup>20</onup>
			<ondown>21</ondown>
			<visible>false</visible>
		</control>
		<control type="label">
			<left>55</left>
			<top>5</top>
			<width>1170</width>
			<height>30</height>
			<font>font30_title</font>
			<textcolor>$VAR[MainColorOne]</textcolor>
			<scroll>true</scroll>
			<align>center</align>
			<aligny>center</aligny>
			<include>Window_OpenClose_Animation</include>
			<label>[UPPERCASE]$VAR[FileMngrWindow][/UPPERCASE]</label>
		</control>
		<control type="label" id="101">
			<left>10</left>
			<top>45</top>
			<width>1260</width>
			<height>20</height>
			<font>font12_title</font>
			<textcolor>grey2</textcolor>
			<wrapmultiline>true</wrapmultiline>
			<scroll>false</scroll>
			<align>center</align>
			<aligny>center</aligny>
			<include>Window_OpenClose_Animation</include>
			<visible>Control.HasFocus(20)</visible>
		</control>
		<control type="label" id="102">
			<left>10</left>
			<top>45</top>
			<width>1260</width>
			<height>20</height>
			<font>font12_title</font>
			<textcolor>grey2</textcolor>
			<wrapmultiline>true</wrapmultiline>
			<scroll>false</scroll>
			<align>center</align>
			<aligny>center</aligny>
			<include>Window_OpenClose_Animation</include>
			<visible>Control.HasFocus(21)</visible>
		</control>
		<control type="group">
			<left>30</left>
			<top>85</top>
			<include condition="!Skin.HasSetting(DisableAnimations)">AnimatedOpenWindow</include>
			<control type="image">
				<left>280</left>
				<top></top>
				<width>80</width>
				<height>80</height>
				<aspectratio>keep</aspectratio>
				<info>Container(20).ListItem.icon</info>
				<bordertexture border="5">button-nofocus.png</bordertexture>
				<bordersize>3</bordersize>
			</control>
			<control type="scrollbar" id="30">
				<left>0</left>
				<top>95</top>
				<width>25</width>
				<height>440</height>
				<include>PageScrollBar</include>
				<onleft>800</onleft>
				<onright>20</onright>
				<ondown>20</ondown>
				<onup>20</onup>
				<showonepage>true</showonepage>
				<orientation>vertical</orientation>
			</control>
			<control type="list" id="20">
				<left>40</left>
				<top>85</top>
				<width>540</width>
				<height>460</height>
				<onleft>30</onleft>
				<onright>21</onright>
				<onup>20</onup>
				<ondown>20</ondown>
				<pagecontrol>30</pagecontrol>
				<scrolltime>200</scrolltime>
				<itemlayout height="35" width="540">
					<control type="image">
						<left>0</left>
						<top>0</top>
						<width>540</width>
						<height>36</height>
						<texture border="0,2,0,2">MenuItemNF.png</texture>
					</control>
					<control type="label">
						<left>0</left>
						<top>0</top>
						<width>500</width>
						<height>36</height>
						<font>font13</font>
						<aligny>center</aligny>
						<selectedcolor>$VAR[SelectedColor]</selectedcolor>
						<textcolor>grey2</textcolor>
						<align>left</align>
						<info>ListItem.label</info>
					</control>
					<control type="label">
						<left>530</left>
						<top>5</top>
						<width>200</width>
						<height>24</height>
						<font>font12</font>
						<aligny>center</aligny>
						<selectedcolor>$VAR[SelectedColor]</selectedcolor>
						<textcolor>grey</textcolor>
						<align>right</align>
						<info>ListItem.label2</info>
					</control>
				</itemlayout>
				<focusedlayout height="35" width="540">
					<control type="image">
						<left>0</left>
						<top>0</top>
						<width>540</width>
						<height>36</height>
						<visible>!Control.HasFocus(20)</visible>
						<texture border="0,2,0,2">MenuItemNF.png</texture>
					</control>
					<control type="image">
						<left>0</left>
						<top>0</top>
						<width>540</width>
						<height>36</height>
						<visible>Control.HasFocus(20)</visible>
						<texture border="0,2,0,2" colordiffuse="$VAR[MenuBarColor]">MenuItemFO.png</texture>
					</control>
					<control type="label">
						<left>0</left>
						<top>0</top>
						<width>500</width>
						<height>36</height>
						<font>font13</font>
						<aligny>center</aligny>
						<selectedcolor>$VAR[SelectedColor]</selectedcolor>
						<textcolor>$VAR[MainColorTwo]</textcolor>
						<align>left</align>
						<info>ListItem.label</info>
					</control>
					<control type="label">
						<left>530</left>
						<top>5</top>
						<width>200</width>
						<height>24</height>
						<font>font12</font>
						<aligny>center</aligny>
						<selectedcolor>$VAR[SelectedColor]</selectedcolor>
						<textcolor>grey</textcolor>
						<align>right</align>
						<info>ListItem.label2</info>
					</control>
				</focusedlayout>
			</control>
		</control>
		<control type="group">
			<left>650</left>
			<top>85</top>
			<include condition="!Skin.HasSetting(DisableAnimations)">AnimatedOpenWindow</include>
			<control type="image">
				<left>270</left>
				<top>0</top>
				<width>80</width>
				<height>80</height>
				<aspectratio>keep</aspectratio>
				<info>Container(21).ListItem.icon</info>
				<bordertexture border="5">button-nofocus.png</bordertexture>
				<bordersize>3</bordersize>
			</control>
			<control type="scrollbar" id="31">
				<left>585</left>
				<top>95</top>
				<width>25</width>
				<height>440</height>
				<include>PageScrollBar</include>
				<onleft>21</onleft>
				<onright>800</onright>
				<ondown>21</ondown>
				<onup>21</onup>
				<showonepage>true</showonepage>
				<orientation>vertical</orientation>
			</control>
			<control type="list" id="21">
				<left>30</left>
				<top>85</top>
				<width>540</width>
				<height>460</height>
				<onleft>20</onleft>
				<onright>31</onright>
				<onup>21</onup>
				<ondown>21</ondown>
				<pagecontrol>31</pagecontrol>
				<scrolltime>200</scrolltime>
				<itemlayout height="35">
					<control type="image">
						<left>0</left>
						<top>0</top>
						<width>540</width>
						<height>36</height>
						<texture border="0,2,0,2">MenuItemNF.png</texture>
					</control>
					<control type="label">
						<left>0</left>
						<top>0</top>
						<width>500</width>
						<height>36</height>
						<font>font13</font>
						<aligny>center</aligny>
						<selectedcolor>$VAR[SelectedColor]</selectedcolor>
						<textcolor>grey2</textcolor>
						<align>left</align>
						<info>ListItem.label</info>
					</control>
					<control type="label">
						<left>530</left>
						<top>5</top>
						<width>200</width>
						<height>24</height>
						<font>font12</font>
						<aligny>center</aligny>
						<selectedcolor>$VAR[SelectedColor]</selectedcolor>
						<textcolor>grey</textcolor>
						<align>right</align>
						<info>ListItem.label2</info>
					</control>
				</itemlayout>
				<focusedlayout height="35">
					<control type="image">
						<left>0</left>
						<top>0</top>
						<width>540</width>
						<height>36</height>
						<visible>!Control.HasFocus(21)</visible>
						<texture border="0,2,0,2">MenuItemNF.png</texture>
					</control>
					<control type="image">
						<left>0</left>
						<top>0</top>
						<width>540</width>
						<height>36</height>
						<visible>Control.HasFocus(21)</visible>
						<texture border="0,2,0,2" colordiffuse="$VAR[MenuBarColor]">MenuItemFO.png</texture>
					</control>
					<control type="label">
						<left>0</left>
						<top>0</top>
						<width>500</width>
						<height>36</height>
						<font>font13</font>
						<aligny>center</aligny>
						<selectedcolor>$VAR[SelectedColor]</selectedcolor>
						<textcolor>$VAR[MainColorTwo]</textcolor>
						<align>left</align>
						<info>ListItem.label</info>
					</control>
					<control type="label">
						<left>530</left>
						<top>5</top>
						<width>200</width>
						<height>24</height>
						<font>font12</font>
						<aligny>center</aligny>
						<selectedcolor>$VAR[SelectedColor]</selectedcolor>
						<textcolor>grey</textcolor>
						<align>right</align>
						<info>ListItem.label2</info>
					</control>
				</focusedlayout>
			</control>
		</control>
		<include>CommonNowPlaying</include>
		<include>BottonLogoImage</include>
		<include>BottomClock</include>
	</controls>
</window>
