<?xml version="1.0" encoding="utf-8"?>
<includes>
	<include name="SmallGenreFlag">
		<width>96</width>
		<height>96</height>
		<aspectratio>keep</aspectratio>
		<fadetime>FanartCrossfadeTime</fadetime>
	</include>
	<include name="GenreTextPlace">
		<width min="40" max="140">auto</width>
		<height>20</height>
		<font>font10_title</font>
		<textcolor>grey</textcolor>
	</include>
	<include name="SmallVideoGenreFlagging">
		<control type="image">
			<include>SmallGenreFlag</include>
			<texture background="true">$INFO[Skin.String(resource.images.moviegenreicons.path)]action$VAR[MovieGenreIconExt]</texture>
			<visible>substring(ListItem.Genre,$LOCALIZE[31600]) | substring(ListItem.Genre,Action)</visible>
		</control>
		<control type="image">
			<include>SmallGenreFlag</include>
			<texture background="true">$INFO[Skin.String(resource.images.moviegenreicons.path)]adventure$VAR[MovieGenreIconExt]</texture>
			<visible>substring(ListItem.Genre,$LOCALIZE[31601]) | substring(ListItem.Genre,Adventure)</visible>
		</control>
		<control type="image">
			<include>SmallGenreFlag</include>
			<texture background="true">$INFO[Skin.String(resource.images.moviegenreicons.path)]animation$VAR[MovieGenreIconExt]</texture>
			<visible>substring(ListItem.Genre,$LOCALIZE[31602]) | substring(ListItem.Genre,Animation)</visible>
		</control>
		<control type="image">
			<include>SmallGenreFlag</include>
			<texture background="true">$INFO[Skin.String(resource.images.moviegenreicons.path)]biography$VAR[MovieGenreIconExt]</texture>
			<visible>substring(ListItem.Genre,$LOCALIZE[31603]) | substring(ListItem.Genre,Biography)</visible>
		</control>
		<control type="image">
			<include>SmallGenreFlag</include>
			<texture background="true">$INFO[Skin.String(resource.images.moviegenreicons.path)]children$VAR[MovieGenreIconExt]</texture>
			<visible>substring(ListItem.Genre,$LOCALIZE[31604]) | substring(ListItem.Genre,Children)</visible>
		</control>
		<control type="image">
			<include>SmallGenreFlag</include>
			<texture background="true">$INFO[Skin.String(resource.images.moviegenreicons.path)]comedy$VAR[MovieGenreIconExt]</texture>
			<visible>substring(ListItem.Genre,$LOCALIZE[31605]) | substring(ListItem.Genre,Comedy)</visible>
		</control>
		<control type="image">
			<include>SmallGenreFlag</include>
			<texture background="true">$INFO[Skin.String(resource.images.moviegenreicons.path)]crime$VAR[MovieGenreIconExt]</texture>
			<visible>substring(ListItem.Genre,$LOCALIZE[31606]) | substring(ListItem.Genre,Crime)</visible>
		</control>
		<control type="image">
			<include>SmallGenreFlag</include>
			<texture background="true">$INFO[Skin.String(resource.images.moviegenreicons.path)]disaster$VAR[MovieGenreIconExt]</texture>
			<visible>substring(ListItem.Genre,$LOCALIZE[31607]) | substring(ListItem.Genre,Disaster)</visible>
		</control>
		<control type="image">
			<include>SmallGenreFlag</include>
			<texture background="true">$INFO[Skin.String(resource.images.moviegenreicons.path)]document$VAR[MovieGenreIconExt]</texture>
			<visible>substring(ListItem.Genre,$LOCALIZE[31608]) | substring(ListItem.Genre,Document)</visible>
		</control>
		<control type="image">
			<include>SmallGenreFlag</include>
			<texture background="true">$INFO[Skin.String(resource.images.moviegenreicons.path)]drama$VAR[MovieGenreIconExt]</texture>
			<visible>substring(ListItem.Genre,$LOCALIZE[31609]) | substring(ListItem.Genre,Drama)</visible>
		</control>
		<control type="image">
			<include>SmallGenreFlag</include>
			<texture background="true">$INFO[Skin.String(resource.images.moviegenreicons.path)]family$VAR[MovieGenreIconExt]</texture>
			<visible>substring(ListItem.Genre,$LOCALIZE[31610]) | substring(ListItem.Genre,Family)</visible>
		</control>
		<control type="image">
			<include>SmallGenreFlag</include>
			<texture background="true">$INFO[Skin.String(resource.images.moviegenreicons.path)]fantasy$VAR[MovieGenreIconExt]</texture>
			<visible>substring(ListItem.Genre,$LOCALIZE[31611]) | substring(ListItem.Genre,Fantasy)</visible>
		</control>
		<control type="image">
			<include>SmallGenreFlag</include>
			<texture background="true">$INFO[Skin.String(resource.images.moviegenreicons.path)]history$VAR[MovieGenreIconExt]</texture>
			<visible>substring(ListItem.Genre,$LOCALIZE[31612]) | substring(ListItem.Genre,History)</visible>
		</control>
		<!--		
		<control type="image">
			<include>SmallGenreFlag</include>
			<texture background="true">$INFO[Skin.String(resource.images.moviegenreicons.path)]holiday$VAR[MovieGenreIconExt]</texture>
			<visible>substring(ListItem.Genre,$LOCALIZE[31613]) | substring(ListItem.Genre,Holiday) | substring(ListItem.Genre,Christmas)</visible>
		</control>
-->
		<control type="image">
			<include>SmallGenreFlag</include>
			<texture background="true">$INFO[Skin.String(resource.images.moviegenreicons.path)]horror$VAR[MovieGenreIconExt]</texture>
			<visible>substring(ListItem.Genre,$LOCALIZE[31614]) | substring(ListItem.Genre,Horror)</visible>
		</control>
		<control type="image">
			<include>SmallGenreFlag</include>
			<aspectratio aligny="bottom">keep</aspectratio>
			<texture background="true">$INFO[Skin.String(resource.images.moviegenreicons.path)]musical$VAR[MovieGenreIconExt]</texture>
			<visible>substring(ListItem.Genre,$LOCALIZE[31616]) | substring(ListItem.Genre,Music)</visible>
		</control>
		<control type="image">
			<include>SmallGenreFlag</include>
			<texture background="true">$INFO[Skin.String(resource.images.moviegenreicons.path)]mystery$VAR[MovieGenreIconExt]</texture>
			<visible>substring(ListItem.Genre,$LOCALIZE[31617]) | substring(ListItem.Genre,Mystery)</visible>
		</control>
		<control type="image">
			<include>SmallGenreFlag</include>
			<texture background="true">$INFO[Skin.String(resource.images.moviegenreicons.path)]romance$VAR[MovieGenreIconExt]</texture>
			<visible>substring(ListItem.Genre,$LOCALIZE[31618]) | substring(ListItem.Genre,Romance)</visible>
		</control>
		<control type="image">
			<include>SmallGenreFlag</include>
			<texture background="true">$INFO[Skin.String(resource.images.moviegenreicons.path)]sci-fi$VAR[MovieGenreIconExt]</texture>
			<visible>substring(ListItem.Genre,$LOCALIZE[31619]) | substring(ListItem.Genre,Sci)</visible>
		</control>
		<control type="image">
			<include>SmallGenreFlag</include>
			<texture background="true">$INFO[Skin.String(resource.images.moviegenreicons.path)]sport$VAR[MovieGenreIconExt]</texture>
			<visible>substring(ListItem.Genre,$LOCALIZE[31621]) | substring(ListItem.Genre,Sport)</visible>
		</control>
		<control type="image">
			<include>SmallGenreFlag</include>
			<texture background="true">$INFO[Skin.String(resource.images.moviegenreicons.path)]thriller$VAR[MovieGenreIconExt]</texture>
			<visible>substring(ListItem.Genre,$LOCALIZE[31623]) | substring(ListItem.Genre,Thriller)</visible>
		</control>
		<control type="image">
			<include>SmallGenreFlag</include>
			<texture background="true">$INFO[Skin.String(resource.images.moviegenreicons.path)]war$VAR[MovieGenreIconExt]</texture>
			<visible>substring(ListItem.Genre,$LOCALIZE[31624]) | substring(ListItem.Genre,War)</visible>
		</control>
		<control type="image">
			<include>SmallGenreFlag</include>
			<texture background="true">$INFO[Skin.String(resource.images.moviegenreicons.path)]western$VAR[MovieGenreIconExt]</texture>
			<visible>substring(ListItem.Genre,$LOCALIZE[31625]) | substring(ListItem.Genre,Western)</visible>
		</control>
	</include>
	<include name="MediaWidgetGenre">
		<control type="label">
			<include>GenreTextPlace</include>
			<label> $LOCALIZE[31600] </label>
			<visible>substring(Container(510).ListItem.Property(Genre),$LOCALIZE[31600]) | substring(Container(510).ListItem.Property(Genre),Action)</visible>
			<visible>Control.HasFocus(510)</visible>
		</control>
		<control type="label">
			<include>GenreTextPlace</include>
			<label> $LOCALIZE[31601] </label>
			<visible>substring(Container(510).ListItem.Property(Genre),$LOCALIZE[31601]) | substring(Container(510).ListItem.Property(Genre),Adventure)</visible>
			<visible>Control.HasFocus(510)</visible>
		</control>
		<control type="label">
			<include>GenreTextPlace</include>
			<label> $LOCALIZE[31602] </label>
			<visible>substring(Container(510).ListItem.Property(Genre),$LOCALIZE[31602]) | substring(Container(510).ListItem.Property(Genre),Animation)</visible>
			<visible>Control.HasFocus(510)</visible>
		</control>
		<control type="label">
			<include>GenreTextPlace</include>
			<label> $LOCALIZE[31603] </label>
			<visible>substring(Container(510).ListItem.Property(Genre),$LOCALIZE[31603]) | substring(Container(510).ListItem.Property(Genre),Biography)</visible>
			<visible>Control.HasFocus(510)</visible>
		</control>
		<control type="label">
			<include>GenreTextPlace</include>
			<label> $LOCALIZE[31604] </label>
			<visible>substring(Container(510).ListItem.Property(Genre),$LOCALIZE[31604]) | substring(Container(510).ListItem.Property(Genre),Children)</visible>
			<visible>Control.HasFocus(510)</visible>
		</control>
		<control type="label">
			<include>GenreTextPlace</include>
			<label> $LOCALIZE[31605] </label>
			<visible>substring(Container(510).ListItem.Property(Genre),$LOCALIZE[31605]) | substring(Container(510).ListItem.Property(Genre),Comedy)</visible>
			<visible>Control.HasFocus(510)</visible>
		</control>
		<control type="label">
			<include>GenreTextPlace</include>
			<label> $LOCALIZE[31606] </label>
			<visible>substring(Container(510).ListItem.Property(Genre),$LOCALIZE[31606]) | substring(Container(510).ListItem.Property(Genre),Crime)</visible>
			<visible>Control.HasFocus(510)</visible>
		</control>
		<control type="label">
			<include>GenreTextPlace</include>
			<label> $LOCALIZE[31607] </label>
			<visible>substring(Container(510).ListItem.Property(Genre),$LOCALIZE[31607]) | substring(Container(510).ListItem.Property(Genre),Disaster)</visible>
			<visible>Control.HasFocus(510)</visible>
		</control>
		<control type="label">
			<include>GenreTextPlace</include>
			<label> $LOCALIZE[31608] </label>
			<visible>substring(Container(510).ListItem.Property(Genre),$LOCALIZE[31608]) | substring(Container(510).ListItem.Property(Genre),Document)</visible>
			<visible>Control.HasFocus(510)</visible>
		</control>
		<control type="label">
			<include>GenreTextPlace</include>
			<label> $LOCALIZE[31609] </label>
			<visible>substring(Container(510).ListItem.Property(Genre),$LOCALIZE[31609]) | substring(Container(510).ListItem.Property(Genre),Drama)</visible>
			<visible>Control.HasFocus(510)</visible>
		</control>
		<control type="label">
			<include>GenreTextPlace</include>
			<label> $LOCALIZE[31610] </label>
			<visible>substring(Container(510).ListItem.Property(Genre),$LOCALIZE[31610]) | substring(Container(510).ListItem.Property(Genre),Family)</visible>
			<visible>Control.HasFocus(510)</visible>
		</control>
		<control type="label">
			<include>GenreTextPlace</include>
			<label> $LOCALIZE[31611] </label>
			<visible>substring(Container(510).ListItem.Property(Genre),$LOCALIZE[31611]) | substring(Container(510).ListItem.Property(Genre),Fantasy)</visible>
			<visible>Control.HasFocus(510)</visible>
		</control>
		<control type="label">
			<include>GenreTextPlace</include>
			<label> $LOCALIZE[31612] </label>
			<visible>substring(Container(510).ListItem.Property(Genre),$LOCALIZE[31612]) | substring(Container(510).ListItem.Property(Genre),History)</visible>
			<visible>Control.HasFocus(510)</visible>
		</control>
		<!--		
		<control type="label">
			<include>GenreTextPlace</include>
			<label> $LOCALIZE[31613] </label>
			<visible>substring(Container(510).ListItem.Property(Genre),$LOCALIZE[31613]) | substring(Container(510).ListItem.Property(Genre),Holiday) | substring(Container(510).ListItem.Property(Genre),Christmas)</visible>
			<visible>Control.HasFocus(510)</visible>
		</control>
-->
		<control type="label">
			<include>GenreTextPlace</include>
			<label> $LOCALIZE[31614] </label>
			<visible>substring(Container(510).ListItem.Property(Genre),$LOCALIZE[31614]) | substring(Container(510).ListItem.Property(Genre),Horror)</visible>
			<visible>Control.HasFocus(510)</visible>
		</control>
		<control type="label">
			<include>GenreTextPlace</include>
			<label> $LOCALIZE[31615] </label>
			<visible>substring(Container(510).ListItem.Property(Genre),$LOCALIZE[31615]) | substring(Container(510).ListItem.Property(Genre),Indie)</visible>
			<visible>Control.HasFocus(510)</visible>
		</control>
		<control type="label">
			<include>GenreTextPlace</include>
			<label> $LOCALIZE[31616] </label>
			<visible>substring(Container(510).ListItem.Property(Genre),$LOCALIZE[31616]) | substring(Container(510).ListItem.Property(Genre),Music)</visible>
			<visible>Control.HasFocus(510)</visible>
		</control>
		<control type="label">
			<include>GenreTextPlace</include>
			<label> $LOCALIZE[31617] </label>
			<visible>substring(Container(510).ListItem.Property(Genre),$LOCALIZE[31617]) | substring(Container(510).ListItem.Property(Genre),Mystery)</visible>
			<visible>Control.HasFocus(510)</visible>
		</control>
		<control type="label">
			<include>GenreTextPlace</include>
			<label> $LOCALIZE[31618] </label>
			<visible>substring(Container(510).ListItem.Property(Genre),$LOCALIZE[31618]) | substring(Container(510).ListItem.Property(Genre),Romance)</visible>
			<visible>Control.HasFocus(510)</visible>
		</control>
		<control type="label">
			<include>GenreTextPlace</include>
			<label> $LOCALIZE[31619] </label>
			<visible>substring(Container(510).ListItem.Property(Genre),$LOCALIZE[31619]) | substring(Container(510).ListItem.Property(Genre),Sci)</visible>
			<visible>Control.HasFocus(510)</visible>
		</control>
		<control type="label">
			<include>GenreTextPlace</include>
			<label> $LOCALIZE[31620] </label>
			<visible>substring(Container(510).ListItem.Property(Genre),$LOCALIZE[31620]) | substring(Container(510).ListItem.Property(Genre),Short)</visible>
			<visible>Control.HasFocus(510)</visible>
		</control>
		<control type="label">
			<include>GenreTextPlace</include>
			<label> $LOCALIZE[31621] </label>
			<visible>substring(Container(510).ListItem.Property(Genre),$LOCALIZE[31621]) | substring(Container(510).ListItem.Property(Genre),Sport)</visible>
			<visible>Control.HasFocus(510)</visible>
		</control>
		<control type="label">
			<include>GenreTextPlace</include>
			<label> $LOCALIZE[31622] </label>
			<visible>substring(Container(510).ListItem.Property(Genre),$LOCALIZE[31622]) | substring(Container(510).ListItem.Property(Genre),Suspense)</visible>
			<visible>Control.HasFocus(510)</visible>
		</control>
		<control type="label">
			<include>GenreTextPlace</include>
			<label> $LOCALIZE[31623] </label>
			<visible>substring(Container(510).ListItem.Property(Genre),$LOCALIZE[31623]) | substring(Container(510).ListItem.Property(Genre),Thriller)</visible>
			<visible>Control.HasFocus(510)</visible>
		</control>
		<control type="label">
			<include>GenreTextPlace</include>
			<label> $LOCALIZE[31624] </label>
			<visible>substring(Container(510).ListItem.Property(Genre),$LOCALIZE[31624]) | substring(Container(510).ListItem.Property(Genre),War)</visible>
			<visible>Control.HasFocus(510)</visible>
		</control>
		<control type="label">
			<include>GenreTextPlace</include>
			<label> $LOCALIZE[31625] </label>
			<visible>substring(Container(510).ListItem.Property(Genre),$LOCALIZE[31625]) | substring(Container(510).ListItem.Property(Genre),Western)</visible>
			<visible>Control.HasFocus(510)</visible>
		</control>
		<control type="label" id="1">
			<include>GenreTextPlace</include>
			<label> $LOCALIZE[31600] </label>
			<visible>substring(VideoPlayer.Genre,$LOCALIZE[31600]) | substring(VideoPlayer.Genre,Action)</visible>
			<visible>Player.HasVideo + !Control.HasFocus(510)</visible>
		</control>
		<control type="label" id="1">
			<include>GenreTextPlace</include>
			<label> $LOCALIZE[31601] </label>
			<visible>substring(VideoPlayer.Genre,$LOCALIZE[31601]) | substring(VideoPlayer.Genre,Adventure)</visible>
			<visible>Player.HasVideo + !Control.HasFocus(510)</visible>
		</control>
		<control type="label" id="1">
			<include>GenreTextPlace</include>
			<label> $LOCALIZE[31602] </label>
			<visible>substring(VideoPlayer.Genre,$LOCALIZE[31602]) | substring(VideoPlayer.Genre,Animation)</visible>
			<visible>Player.HasVideo + !Control.HasFocus(510)</visible>
		</control>
		<control type="label" id="1">
			<include>GenreTextPlace</include>
			<label> $LOCALIZE[31603] </label>
			<visible>substring(VideoPlayer.Genre,$LOCALIZE[31603]) | substring(VideoPlayer.Genre,Biography)</visible>
			<visible>Player.HasVideo + !Control.HasFocus(510)</visible>
		</control>
		<control type="label" id="1">
			<include>GenreTextPlace</include>
			<label> $LOCALIZE[31604] </label>
			<visible>substring(VideoPlayer.Genre,$LOCALIZE[31604]) | substring(VideoPlayer.Genre,Children)</visible>
			<visible>Player.HasVideo + !Control.HasFocus(510)</visible>
		</control>
		<control type="label" id="1">
			<include>GenreTextPlace</include>
			<label> $LOCALIZE[31605] </label>
			<visible>substring(VideoPlayer.Genre,$LOCALIZE[31605]) | substring(VideoPlayer.Genre,Comedy)</visible>
			<visible>Player.HasVideo + !Control.HasFocus(510)</visible>
		</control>
		<control type="label" id="1">
			<include>GenreTextPlace</include>
			<label> $LOCALIZE[31606] </label>
			<visible>substring(VideoPlayer.Genre,$LOCALIZE[31606]) | substring(VideoPlayer.Genre,Crime)</visible>
			<visible>Player.HasVideo + !Control.HasFocus(510)</visible>
		</control>
		<control type="label" id="1">
			<include>GenreTextPlace</include>
			<label> $LOCALIZE[31607] </label>
			<visible>substring(VideoPlayer.Genre,$LOCALIZE[31607]) | substring(VideoPlayer.Genre,Disaster)</visible>
			<visible>Player.HasVideo + !Control.HasFocus(510)</visible>
		</control>
		<control type="label" id="1">
			<include>GenreTextPlace</include>
			<label> $LOCALIZE[31608] </label>
			<visible>substring(VideoPlayer.Genre,$LOCALIZE[31608]) | substring(VideoPlayer.Genre,Document)</visible>
			<visible>Player.HasVideo + !Control.HasFocus(510)</visible>
		</control>
		<control type="label" id="1">
			<include>GenreTextPlace</include>
			<label> $LOCALIZE[31609] </label>
			<visible>substring(VideoPlayer.Genre,$LOCALIZE[31609]) | substring(VideoPlayer.Genre,Drama)</visible>
			<visible>Player.HasVideo + !Control.HasFocus(510)</visible>
		</control>
		<control type="label" id="1">
			<include>GenreTextPlace</include>
			<label> $LOCALIZE[31610] </label>
			<visible>substring(VideoPlayer.Genre,$LOCALIZE[31610]) | substring(VideoPlayer.Genre,Family)</visible>
			<visible>Player.HasVideo + !Control.HasFocus(510)</visible>
		</control>
		<control type="label" id="1">
			<include>GenreTextPlace</include>
			<label> $LOCALIZE[31611] </label>
			<visible>substring(VideoPlayer.Genre,$LOCALIZE[31611]) | substring(VideoPlayer.Genre,Fantasy)</visible>
			<visible>Player.HasVideo + !Control.HasFocus(510)</visible>
		</control>
		<control type="label" id="1">
			<include>GenreTextPlace</include>
			<label> $LOCALIZE[31612] </label>
			<visible>substring(VideoPlayer.Genre,$LOCALIZE[31612]) | substring(VideoPlayer.Genre,History)</visible>
			<visible>Player.HasVideo + !Control.HasFocus(510)</visible>
		</control>
		<!--		
		<control type="label" id="1">
			<include>GenreTextPlace</include>
			<label> $LOCALIZE[31613] </label>
			<visible>substring(VideoPlayer.Genre,$LOCALIZE[31613]) | substring(VideoPlayer.Genre,Holiday) | substring(VideoPlayer.Genre,Christmas)</visible>
			<visible>Player.HasVideo + !Control.HasFocus(510)</visible>
		</control>
-->
		<control type="label" id="1">
			<include>GenreTextPlace</include>
			<label> $LOCALIZE[31614] </label>
			<visible>substring(VideoPlayer.Genre,$LOCALIZE[31614]) | substring(VideoPlayer.Genre,Horror)</visible>
			<visible>Player.HasVideo + !Control.HasFocus(510)</visible>
		</control>
		<control type="label" id="1">
			<include>GenreTextPlace</include>
			<label> $LOCALIZE[31615] </label>
			<visible>substring(VideoPlayer.Genre,$LOCALIZE[31615]) | substring(VideoPlayer.Genre,Indie)</visible>
			<visible>Player.HasVideo + !Control.HasFocus(510)</visible>
		</control>
		<control type="label" id="1">
			<include>GenreTextPlace</include>
			<label> $LOCALIZE[31616] </label>
			<visible>substring(VideoPlayer.Genre,$LOCALIZE[31616]) | substring(VideoPlayer.Genre,Music)</visible>
			<visible>Player.HasVideo + !Control.HasFocus(510)</visible>
		</control>
		<control type="label" id="1">
			<include>GenreTextPlace</include>
			<label> $LOCALIZE[31617] </label>
			<visible>substring(VideoPlayer.Genre,$LOCALIZE[31617]) | substring(VideoPlayer.Genre,Mystery)</visible>
			<visible>Player.HasVideo + !Control.HasFocus(510)</visible>
		</control>
		<control type="label" id="1">
			<include>GenreTextPlace</include>
			<label> $LOCALIZE[31618] </label>
			<visible>substring(VideoPlayer.Genre,$LOCALIZE[31618]) | substring(VideoPlayer.Genre,Romance)</visible>
			<visible>Player.HasVideo + !Control.HasFocus(510)</visible>
		</control>
		<control type="label" id="1">
			<include>GenreTextPlace</include>
			<label> $LOCALIZE[31619] </label>
			<visible>substring(VideoPlayer.Genre,$LOCALIZE[31619]) | substring(VideoPlayer.Genre,Sci)</visible>
			<visible>Player.HasVideo + !Control.HasFocus(510)</visible>
		</control>
		<control type="label" id="1">
			<include>GenreTextPlace</include>
			<label> $LOCALIZE[31620] </label>
			<visible>substring(VideoPlayer.Genre,$LOCALIZE[31620]) | substring(VideoPlayer.Genre,Short)</visible>
			<visible>Player.HasVideo + !Control.HasFocus(510)</visible>
		</control>
		<control type="label" id="1">
			<include>GenreTextPlace</include>
			<label> $LOCALIZE[31621] </label>
			<visible>substring(VideoPlayer.Genre,$LOCALIZE[31621]) | substring(VideoPlayer.Genre,Sport)</visible>
			<visible>Player.HasVideo + !Control.HasFocus(510)</visible>
		</control>
		<control type="label" id="1">
			<include>GenreTextPlace</include>
			<label> $LOCALIZE[31622] </label>
			<visible>substring(VideoPlayer.Genre,$LOCALIZE[31622]) | substring(VideoPlayer.Genre,Suspense)</visible>
			<visible>Player.HasVideo + !Control.HasFocus(510)</visible>
		</control>
		<control type="label" id="1">
			<include>GenreTextPlace</include>
			<label> $LOCALIZE[31623] </label>
			<visible>substring(VideoPlayer.Genre,$LOCALIZE[31623]) | substring(VideoPlayer.Genre,Thriller)</visible>
			<visible>Player.HasVideo + !Control.HasFocus(510)</visible>
		</control>
		<control type="label" id="1">
			<include>GenreTextPlace</include>
			<label> $LOCALIZE[31624] </label>
			<visible>substring(VideoPlayer.Genre,$LOCALIZE[31624]) | substring(VideoPlayer.Genre,War)</visible>
			<visible>Player.HasVideo + !Control.HasFocus(510)</visible>
		</control>
		<control type="label" id="1">
			<include>GenreTextPlace</include>
			<label> $LOCALIZE[31625] </label>
			<visible>substring(VideoPlayer.Genre,$LOCALIZE[31625]) | substring(VideoPlayer.Genre,Western)</visible>
			<visible>Player.HasVideo + !Control.HasFocus(510)</visible>
		</control>
	</include>
</includes>
