<?xml version="1.0" encoding="UTF-8"?>
<includes>
	<include name="MusicInfoListView">
		<control type="group">
			<visible>Control.IsVisible(506)</visible>
			<include>VisibleFadeEffect</include>
			<control type="list" id="506">
				<left>70</left>
				<top>75</top>
				<width>780</width>
				<height>561</height>
				<onleft>2</onleft>
				<onright>60</onright>
				<onup>506</onup>
				<ondown>506</ondown>
				<viewtype label="$LOCALIZE[31641]">list</viewtype>
				<pagecontrol>60</pagecontrol>
				<scrolltime>200</scrolltime>
				<visible>Window.IsVisible(MusicFiles) | Window.IsVisible(MusicPlaylist) |  Container.Content(Songs) | Container.Content(Albums)</visible>
				<itemlayout height="40" width="780">
					<control type="image">
						<left>0</left>
						<top>0</top>
						<width>780</width>
						<height>41</height>
						<texture border="0,2,0,2">MenuItemNF.png</texture>
					</control>
					<control type="label">
						<left>10</left>
						<top>0</top>
						<width>730</width>
						<height>40</height>
						<font>font13</font>
						<textcolor>grey2</textcolor>
						<selectedcolor>$VAR[SelectedColor]</selectedcolor>
						<align>left</align>
						<aligny>center</aligny>
						<label>$INFO[ListItem.Label]</label>
					</control>
					<control type="label">
						<left>60</left>
						<top>0</top>
						<width>700</width>
						<height>40</height>
						<font>font12</font>
						<textcolor>grey2</textcolor>
						<selectedcolor>$VAR[SelectedColor]</selectedcolor>
						<align>right</align>
						<aligny>center</aligny>
						<label>$INFO[ListItem.Label2]</label>
					</control>
				</itemlayout>
				<focusedlayout height="40" width="760">
					<control type="image">
						<left>0</left>
						<top>0</top>
						<width>760</width>
						<height>41</height>
						<texture border="0,2,0,2">MenuItemNF.png</texture>
						<visible>!Control.HasFocus(506)</visible>
						<include>VisibleFadeEffect</include>
					</control>
					<control type="image">
						<left>0</left>
						<top>0</top>
						<width>780</width>
						<height>41</height>
						<texture border="0,2,0,2" colordiffuse="$VAR[MenuBarColor]">MenuItemFO.png</texture>
						<visible>Control.HasFocus(506)</visible>
						<include>VisibleFadeEffect</include>
					</control>
					<!--control type="image">
						<left>580</left>
						<top>5</top>
						<width>200</width>
						<height>31</height>
						<texture border="0,0,14,0" colordiffuse="$VAR[MainColorOne]">MediaItemDetailBG.png</texture>
						<visible>Control.HasFocus(506) + !IsEmpty(ListItem.Label2)</visible>
					</control-->
					<control type="label">
						<left>10</left>
						<top>0</top>
						<width>730</width>
						<height>40</height>
						<font>font13</font>
						<textcolor>$VAR[MainColorTwo]</textcolor>
						<selectedcolor>$VAR[SelectedColor]</selectedcolor>
						<align>left</align>
						<aligny>center</aligny>
						<label>$INFO[ListItem.Label]</label>
					</control>
					<control type="label">
						<left>60</left>
						<top>0</top>
						<width>700</width>
						<height>40</height>
						<font>font12</font>
						<textcolor>grey2</textcolor>
						<selectedcolor>$VAR[SelectedColor]</selectedcolor>
						<align>right</align>
						<aligny>center</aligny>
						<label>$INFO[ListItem.Label2]</label>
					</control>
				</focusedlayout>
			</control>
			<control type="scrollbar" id="60">
				<left>850</left>
				<top>78</top>
				<width>25</width>
				<height>560</height>
				<include>PageScrollBar</include>
				<onleft>506</onleft>
				<onright>800</onright>
				<showonepage>true</showonepage>
				<orientation>vertical</orientation>
				<visible>Control.IsVisible(506)</visible>
			</control>
			<control type="group">
				<visible>Control.IsVisible(506)</visible>
				<left>910</left>
				<top>80</top>
				<control type="image">
					<left>10</left>
					<top>0</top>
					<width>290</width>
					<height>290</height>
					<aspectratio aligny="bottom">keep</aspectratio>
					<fadetime>IconCrossfadeTime</fadetime>
					<texture background="true" colordiffuse="$VAR[MainColorOne]">DefaultLogoReturn.png</texture>
					<bordertexture border="8">ThumbShadow.png</bordertexture>
					<bordersize>8</bordersize>
					<visible>stringcompare(ListItem.Label,..)</visible>
				</control>
				<control type="image">
					<left>10</left>
					<top>0</top>
					<width>290</width>
					<height>290</height>
					<aspectratio aligny="bottom">keep</aspectratio>
					<fadetime>IconCrossfadeTime</fadetime>
					<texture background="true">$INFO[ListItem.Icon]</texture>
					<bordertexture border="8">ThumbShadow.png</bordertexture>
					<bordersize>8</bordersize>
					<visible>!stringcompare(ListItem.Label,..)</visible>
				</control>
				<control type="label">
					<left>10</left>
					<top>300</top>
					<width>290</width>
					<height>25</height>
					<label>$INFO[ListItem.Artist]</label>
					<scroll>true</scroll>
					<align>center</align>
					<aligny>center</aligny>
					<font>font24_title</font>
					<textcolor>$VAR[MainColorTwo]</textcolor>
					<shadowcolor>black</shadowcolor>
				</control>
				<control type="label">
					<left>10</left>
					<top>360</top>
					<width>290</width>
					<height>25</height>
					<label>$INFO[ListItem.Album]</label>
					<wrapmultiline>true</wrapmultiline>
					<align>center</align>
					<aligny>center</aligny>
					<font>font13</font>
					<textcolor>grey2</textcolor>
					<shadowcolor>black</shadowcolor>
				</control>
				<control type="label">
					<left>10</left>
					<top>420</top>
					<width>290</width>
					<height>25</height>
					<label>$INFO[ListItem.Title]</label>
					<scroll>true</scroll>
					<align>center</align>
					<aligny>top</aligny>
					<font>font13_title</font>
					<textcolor>$VAR[MainColorTwo]</textcolor>
					<shadowcolor>black</shadowcolor>
					<wrapmultiline>true</wrapmultiline>
					<visible>!Container.Content(Albums)</visible>
				</control>
				<control type="label">
					<left>10</left>
					<top>420</top>
					<width>290</width>
					<height>25</height>
					<label>[B]$LOCALIZE[515]$LOCALIZE[31000][/B] [COLOR=lightgrey]$INFO[ListItem.Genre][/COLOR]</label>
					<scroll>true</scroll>
					<align>center</align>
					<aligny>top</aligny>
					<font>font13_title</font>
					<textcolor>$VAR[MainColorTwo]</textcolor>
					<shadowcolor>black</shadowcolor>
					<wrapmultiline>true</wrapmultiline>
					<visible>!IsEmpty(ListItem.Genre)</visible>
					<visible>Container.Content(Albums)</visible>
				</control>
				<control type="label">
					<description>Trackno txt</description>
					<left>10</left>
					<top>480</top>
					<width>290</width>
					<height>25</height>
					<label>[B]$LOCALIZE[31219]$LOCALIZE[31000][/B] [COLOR=lightgrey]$INFO[listitem.TrackNumber][/COLOR]</label>
					<align>center</align>
					<aligny>center</aligny>
					<font>font13</font>
					<textcolor>$VAR[MainColorTwo]</textcolor>
					<visible>!Container.Content(Albums)</visible>
					<visible>!IsEmpty(ListItem.TrackNumber)</visible>
				</control>
				<control type="label">
					<description>Year txt</description>
					<left>10</left>
					<top>505</top>
					<width>290</width>
					<height>25</height>
					<label>[B]$LOCALIZE[562]$LOCALIZE[31000][/B] [COLOR=lightgrey]$INFO[ListItem.Year][/COLOR]</label>
					<align>center</align>
					<aligny>center</aligny>
					<font>font13</font>
					<textcolor>$VAR[MainColorTwo]</textcolor>
					<visible>!IsEmpty(ListItem.Year)</visible>
				</control>
				<control type="image">
					<description>Rating value</description>
					<left>80</left>
					<top>535</top>
					<width>150</width>
					<height>30</height>
					<aspectratio>keep</aspectratio>
					<texture colordiffuse="lightgrey">$INFO[ListItem.StarRating,CenterRating/]</texture>
				</control>
			</control>
		</control>
	</include>
	<include name="AlbumWrapView2_Fanart">
		<control type="group">
			<visible>Control.IsVisible(509)</visible>
			<include>VisibleFadeEffect</include>
			<left>0</left>
			<top>450</top>
			<control type="fixedlist" id="509">
				<visible>Container.Content(Albums)</visible>
				<hitrect x="0" y="-10" w="1280" h="190" />
				<left>-80</left>
				<top>0</top>
				<width>1360</width>
				<height>250</height>
				<onleft>509</onleft>
				<onright>509</onright>
				<onup>2</onup>
				<ondown>60</ondown>
				<viewtype label="31418">wrap</viewtype>
				<pagecontrol>60</pagecontrol>
				<scrolltime>200</scrolltime>
				<focusposition>4</focusposition>
				<movement>2</movement>
				<orientation>horizontal</orientation>
				<preloaditems>4</preloaditems>
				<itemlayout height="200" width="160">
					<control type="image">
						<left>2</left>
						<top>20</top>
						<width>160</width>
						<height>160</height>
						<aspectratio>stretch</aspectratio>
						<fadetime>200</fadetime>
						<texture background="true" colordiffuse="$VAR[MainColorOne]">DefaultLogoReturn.png</texture>
						<visible>stringcompare(ListItem.Label,..)</visible>
					</control>
					<control type="image">
						<left>2</left>
						<top>20</top>
						<width>160</width>
						<height>160</height>
						<aspectratio>stretch</aspectratio>
						<bordertexture border="5">button-nofocus.png</bordertexture>
						<bordersize>4</bordersize>
						<fadetime>200</fadetime>
						<texture background="true">$INFO[ListItem.Icon]</texture>
						<visible>!stringcompare(ListItem.Label,..)</visible>
					</control>
					<control type="image">
						<left>6</left>
						<top>24</top>
						<width>152</width>
						<height>152</height>
						<aspectratio>stretch</aspectratio>
						<texture>black-back.png</texture>
						<colordiffuse>AAFFFFFF</colordiffuse>
					</control>
				</itemlayout>
				<focusedlayout height="200" width="160">
					<control type="image">
						<left>-2</left>
						<top>16</top>
						<width>168</width>
						<height>168</height>
						<aspectratio>stretch</aspectratio>
						<bordertexture border="8">ThumbBorder.png</bordertexture>
						<bordersize>8</bordersize>
						<fadetime>200</fadetime>
						<texture background="true">$INFO[ListItem.Icon]</texture>
						<animation reversible="false" effect="zoom" start="-2,16,168,168" end="-12,-4,198,198" time="200">focus</animation>
						<animation reversible="false" effect="zoom" end="-2,16,168,168" start="-12,-4,198,198" time="200">unfocus</animation>
						<visible>!stringcompare(ListItem.Label,..)</visible>
					</control>
					<control type="image">
						<left>-2</left>
						<top>16</top>
						<width>168</width>
						<height>168</height>
						<aspectratio>stretch</aspectratio>
						<fadetime>200</fadetime>
						<texture background="true" colordiffuse="$VAR[MainColorOne]">DefaultLogoReturn.png</texture>
						<animation reversible="false" effect="zoom" start="-2,16,168,168" end="-12,-4,198,198" time="200">focus</animation>
						<animation reversible="false" effect="zoom" end="-2,16,168,168" start="-12,-4,198,198" time="200">unfocus</animation>
						<visible>stringcompare(ListItem.Label,..)</visible>
					</control>
					<control type="image">
						<left>180</left>
						<top>325</top>
						<width>35</width>
						<height>35</height>
						<aspectratio>keep</aspectratio>
						<texture>$INFO[ListItem.Overlay]</texture>
						<animation type="focus">
							<effect type="fade" start="0" end="100" time="200" />
							<effect type="slide" start="0,0" end="40,40" time="200" />
						</animation>
						<animation type="unfocus">
							<effect type="fade" start="100" end="0" time="200" />
							<effect type="slide" end="0,0" start="40,40" time="200" />
						</animation>
					</control>
				</focusedlayout>
			</control>
			<control type="scrollbar" id="60">
				<left>310</left>
				<top>195</top>
				<width>660</width>
				<height>25</height>
				<texturesliderbackground border="14,0,14,0">ScrollBarH.png</texturesliderbackground>
				<texturesliderbar border="14,0,14,0">ScrollBarH_bar.png</texturesliderbar>
				<texturesliderbarfocus border="14,0,14,0" colordiffuse="$VAR[MainColorOne]">ScrollBarH_bar_focus.png</texturesliderbarfocus>
				<textureslidernib>ScrollBarNib.png</textureslidernib>
				<textureslidernibfocus colordiffuse="$VAR[MenuBarColor]">ScrollBarNib.png</textureslidernibfocus>
				<onup>509</onup>
				<ondown>803</ondown>
				<showonepage>true</showonepage>
				<orientation>horizontal</orientation>
				<visible>Control.IsVisible(509)</visible>
			</control>
		</control>
		<control type="group">
			<left>180</left>
			<top>100</top>
			<include>MediaInfoPopup</include>
			<visible>!Skin.String(MediaPopUpControl,Hidden) + !IsEmpty(ListItem.Title) + !Container.OnNext + !Container.OnPrevious</visible>
			<visible>Control.IsVisible(509)</visible>
			<include>VisibleFadeEffect</include>
			<control type="image">
				<left>0</left>
				<top>0</top>
				<width>920</width>
				<height>340</height>
				<colordiffuse>AAFFFFFF</colordiffuse>
				<texture border="20">ContentPanel.png</texture>
			</control>
			<control type="group">
				<left>40</left>
				<top>20</top>
				<control type="label">
					<left>0</left>
					<top>0</top>
					<width>400</width>
					<height>30</height>
					<font>font13_title</font>
					<textcolor>$VAR[MainColorTwo]</textcolor>
					<shadowcolor>black</shadowcolor>
					<scroll>true</scroll>
					<align>left</align>
					<aligny>center</aligny>
					<label>31220</label>
				</control>
				<control type="label">
					<left>0</left>
					<top>35</top>
					<width>850</width>
					<height>30</height>
					<font>font13</font>
					<textcolor>$VAR[MainColorTwo]</textcolor>
					<shadowcolor>black</shadowcolor>
					<scroll>true</scroll>
					<align>left</align>
					<aligny>center</aligny>
					<label>[B]$LOCALIZE[515]$LOCALIZE[31000][/B] [COLOR=lightgrey]$INFO[ListItem.Genre][/COLOR]</label>
					<!--visible>!IsEmpty(ListItem.Genre)</visible-->
				</control>
				<control type="label">
					<left>0</left>
					<top>65</top>
					<width>850</width>
					<height>30</height>
					<font>font13</font>
					<textcolor>$VAR[MainColorTwo]</textcolor>
					<shadowcolor>black</shadowcolor>
					<scroll>true</scroll>
					<align>left</align>
					<aligny>center</aligny>
					<label>[B]$LOCALIZE[562]$LOCALIZE[31000][/B] [COLOR=lightgrey]$INFO[ListItem.Year][/COLOR]</label>
					<!--visible>!IsEmpty(ListItem.Year)</visible-->
				</control>
				<control type="fadelabel">
					<left>0</left>
					<top>95</top>
					<width>400</width>
					<height>30</height>
					<font>font13</font>
					<textcolor>$VAR[MainColorTwo]</textcolor>
					<shadowcolor>black</shadowcolor>
					<scroll>true</scroll>
					<align>left</align>
					<aligny>center</aligny>
					<label>[B]$LOCALIZE[563]$LOCALIZE[31000][/B]</label>
					<scrollout>false</scrollout>
					<pauseatend>2000</pauseatend>
				</control>
				<control type="image">
					<description>Rating value</description>
					<left>100</left>
					<top>95</top>
					<width>160</width>
					<height>32</height>
					<aspectratio>keep</aspectratio>
					<texture colordiffuse="lightgrey">$INFO[ListItem.StarRating,LeftRating/]</texture>
				</control>
				<control type="textbox">
					<description>Description Value for Album</description>
					<left>0</left>
					<top>152</top>
					<width>850</width>
					<height>140</height>
					<font>font12</font>
					<align>justify</align>
					<pagecontrol>-</pagecontrol>
					<textcolor>$VAR[MainColorTwo]</textcolor>
					<label>$INFO[ListItem.Property(Album_Description)]</label>
					<autoscroll delay="3000" time="1800" repeat="10000">!Skin.HasSetting(DisableAutoScroll)</autoscroll>
				</control>
			</control>
		</control>
	</include>
	<include name="MusicVideoInfoListView">
		<control type="group">
			<visible>Control.IsVisible(511)</visible>
			<include>VisibleFadeEffect</include>
			<control type="list" id="511">
				<left>70</left>
				<top>75</top>
				<width>760</width>
				<height>561</height>
				<onleft>2</onleft>
				<onright>60</onright>
				<onup>511</onup>
				<ondown>511</ondown>
				<viewtype label="$LOCALIZE[31641]">list</viewtype>
				<pagecontrol>60</pagecontrol>
				<scrolltime>200</scrolltime>
				<visible>Container.Content(MusicVideos)</visible>
				<itemlayout height="40" width="760">
					<control type="image">
						<left>0</left>
						<top>0</top>
						<width>760</width>
						<height>41</height>
						<texture border="0,2,0,2">MenuItemNF.png</texture>
					</control>
					<control type="label">
						<left>10</left>
						<top>0</top>
						<width>720</width>
						<height>40</height>
						<font>font13</font>
						<textcolor>grey2</textcolor>
						<selectedcolor>$VAR[SelectedColor]</selectedcolor>
						<align>left</align>
						<aligny>center</aligny>
						<label>$INFO[ListItem.Label]</label>
					</control>
					<control type="label">
						<left>30</left>
						<top>0</top>
						<width>700</width>
						<height>40</height>
						<font>font12</font>
						<textcolor>grey2</textcolor>
						<selectedcolor>$VAR[SelectedColor]</selectedcolor>
						<align>right</align>
						<aligny>center</aligny>
						<label>$INFO[ListItem.Label2]</label>
					</control>
					<control type="image">
						<left>735</left>
						<top>14</top>
						<width>20</width>
						<height>16</height>
						<texture>$INFO[ListItem.Overlay]</texture>
						<aspectratio>keep</aspectratio>
					</control>
				</itemlayout>
				<focusedlayout height="40" width="760">
					<control type="image">
						<left>0</left>
						<top>0</top>
						<width>760</width>
						<height>41</height>
						<texture border="0,2,0,2">MenuItemNF.png</texture>
						<visible>!Control.HasFocus(511)</visible>
						<include>VisibleFadeEffect</include>
					</control>
					<control type="image">
						<left>0</left>
						<top>0</top>
						<width>760</width>
						<height>41</height>
						<texture border="0,2,0,2" colordiffuse="$VAR[MenuBarColor]">MenuItemFO.png</texture>
						<visible>Control.HasFocus(511)</visible>
						<include>VisibleFadeEffect</include>
					</control>
					<!--control type="image">
						<left>560</left>
						<top>5</top>
						<width>200</width>
						<height>31</height>
						<texture border="0,0,14,0" colordiffuse="$VAR[MainColorOne]">MediaItemDetailBG.png</texture>
						<visible>Control.HasFocus(511) + !IsEmpty(ListItem.Label2)</visible>
					</control-->
					<control type="label">
						<left>10</left>
						<top>0</top>
						<width>720</width>
						<height>40</height>
						<font>font13</font>
						<textcolor>$VAR[MainColorTwo]</textcolor>
						<selectedcolor>$VAR[SelectedColor]</selectedcolor>
						<align>left</align>
						<aligny>center</aligny>
						<label>$INFO[ListItem.Label]</label>
					</control>
					<control type="label">
						<left>30</left>
						<top>0</top>
						<width>700</width>
						<height>40</height>
						<font>font12</font>
						<textcolor>grey2</textcolor>
						<selectedcolor>$VAR[SelectedColor]</selectedcolor>
						<align>right</align>
						<aligny>center</aligny>
						<label>$INFO[ListItem.Label2]</label>
					</control>
					<control type="image">
						<left>735</left>
						<top>14</top>
						<width>20</width>
						<height>16</height>
						<texture>$INFO[ListItem.Overlay]</texture>
						<aspectratio>keep</aspectratio>
					</control>
				</focusedlayout>
			</control>
			<control type="scrollbar" id="60">
				<left>850</left>
				<top>78</top>
				<width>25</width>
				<height>560</height>
				<include>PageScrollBar</include>
				<onleft>511</onleft>
				<onright>800</onright>
				<showonepage>true</showonepage>
				<orientation>vertical</orientation>
				<visible>Control.IsVisible(511)</visible>
			</control>
			<control type="group">
				<left>910</left>
				<top>80</top>
				<control type="image">
					<left>10</left>
					<top>0</top>
					<width>290</width>
					<height>230</height>
					<aspectratio>keep</aspectratio>
					<fadetime>IconCrossfadeTime</fadetime>
					<texture background="true">$INFO[ListItem.Icon]</texture>
					<bordertexture border="8">ThumbShadow.png</bordertexture>
					<bordersize>8</bordersize>
					<visible>!stringcompare(ListItem.Label,..)</visible>
				</control>
				<control type="image">
					<left>10</left>
					<top>0</top>
					<width>290</width>
					<height>230</height>
					<aspectratio>keep</aspectratio>
					<fadetime>IconCrossfadeTime</fadetime>
					<texture background="true" colordiffuse="$VAR[MainColorOne]">DefaultLogoReturn.png</texture>
					<bordertexture border="8">ThumbShadow.png</bordertexture>
					<bordersize>8</bordersize>
					<visible>stringcompare(ListItem.Label,..)</visible>
				</control>
				<control type="grouplist">
					<description>Media Codec Flagging Images</description>
					<left>10</left>
					<top>230</top>
					<width>290</width>
					<align>center</align>
					<itemgap>0</itemgap>
					<orientation>horizontal</orientation>
					<include>VideoCodecFlaggingConditions</include>
					<include>AudioCodecFlaggingConditions</include>
				</control>
				<control type="label">
					<left>10</left>
					<top>290</top>
					<width>290</width>
					<height>25</height>
					<label>$INFO[ListItem.Artist]</label>
					<scroll>true</scroll>
					<align>center</align>
					<aligny>center</aligny>
					<font>font24_title</font>
					<textcolor>$VAR[MainColorTwo]</textcolor>
					<shadowcolor>black</shadowcolor>
				</control>
				<control type="label">
					<left>10</left>
					<top>350</top>
					<width>290</width>
					<height>25</height>
					<label>$INFO[ListItem.Album]</label>
					<wrapmultiline>true</wrapmultiline>
					<align>center</align>
					<aligny>center</aligny>
					<font>font13</font>
					<textcolor>grey2</textcolor>
					<shadowcolor>black</shadowcolor>
				</control>
				<control type="label">
					<left>10</left>
					<top>410</top>
					<width>290</width>
					<height>25</height>
					<label>$INFO[ListItem.Title]</label>
					<scroll>true</scroll>
					<align>center</align>
					<aligny>top</aligny>
					<font>font13_title</font>
					<textcolor>$VAR[MainColorTwo]</textcolor>
					<shadowcolor>black</shadowcolor>
					<wrapmultiline>true</wrapmultiline>
					<visible>!Container.Content(Albums)</visible>
				</control>
				<control type="label">
					<left>10</left>
					<top>470</top>
					<width>290</width>
					<height>25</height>
					<label>$INFO[ListItem.Studio]</label>
					<scroll>true</scroll>
					<align>center</align>
					<aligny>top</aligny>
					<font>font13</font>
					<textcolor>grey2</textcolor>
					<shadowcolor>black</shadowcolor>
					<wrapmultiline>true</wrapmultiline>
				</control>
				<control type="label">
					<description>Year txt</description>
					<left>10</left>
					<top>530</top>
					<width>290</width>
					<height>25</height>
					<label>[B]$LOCALIZE[562]$LOCALIZE[31000][/B] [COLOR=lightgrey]$INFO[ListItem.Year][/COLOR]</label>
					<align>center</align>
					<aligny>center</aligny>
					<font>font13_title</font>
					<textcolor>$VAR[MainColorTwo]</textcolor>
					<visible>!IsEmpty(ListItem.Year)</visible>
				</control>
			</control>
		</control>
	</include>
	<include name="ArtistMediaListView">
		<control type="group">
			<visible>Control.IsVisible(512)</visible>
			<include>VisibleFadeEffect</include>
			<control type="list" id="512">
				<left>70</left>
				<top>78</top>
				<width>580</width>
				<height>561</height>
				<onleft>2</onleft>
				<onright>60</onright>
				<onup>512</onup>
				<ondown>512</ondown>
				<viewtype label="$LOCALIZE[31641]">list</viewtype>
				<pagecontrol>60</pagecontrol>
				<scrolltime>200</scrolltime>
				<visible>Container.Content(Artists)</visible>
				<itemlayout height="40" width="580">
					<control type="image">
						<left>0</left>
						<top>0</top>
						<width>580</width>
						<height>41</height>
						<texture border="0,2,0,2">MenuItemNF.png</texture>
					</control>
					<control type="label">
						<left>10</left>
						<top>0</top>
						<width>560</width>
						<height>40</height>
						<font>font13</font>
						<textcolor>grey2</textcolor>
						<selectedcolor>$VAR[SelectedColor]</selectedcolor>
						<align>left</align>
						<aligny>center</aligny>
						<label>$INFO[ListItem.Label]</label>
					</control>
				</itemlayout>
				<focusedlayout height="40" width="580">
					<control type="image">
						<left>0</left>
						<top>0</top>
						<width>580</width>
						<height>41</height>
						<texture border="0,2,0,2">MenuItemNF.png</texture>
						<visible>!Control.HasFocus(512)</visible>
						<include>VisibleFadeEffect</include>
					</control>
					<control type="image">
						<left>0</left>
						<top>0</top>
						<width>580</width>
						<height>41</height>
						<texture border="0,2,0,2" colordiffuse="$VAR[MenuBarColor]">MenuItemFO.png</texture>
						<visible>Control.HasFocus(512)</visible>
						<include>VisibleFadeEffect</include>
					</control>
					<control type="label">
						<left>10</left>
						<top>0</top>
						<width>560</width>
						<height>40</height>
						<font>font13</font>
						<textcolor>$VAR[MainColorTwo]</textcolor>
						<selectedcolor>$VAR[SelectedColor]</selectedcolor>
						<align>left</align>
						<aligny>center</aligny>
						<label>$INFO[ListItem.Label]</label>
					</control>
				</focusedlayout>
			</control>
			<control type="scrollbar" id="60">
				<left>650</left>
				<top>78</top>
				<width>25</width>
				<height>560</height>
				<include>PageScrollBar</include>
				<onleft>512</onleft>
				<onright>800</onright>
				<showonepage>true</showonepage>
				<orientation>vertical</orientation>
				<visible>Control.IsVisible(512)</visible>
			</control>
			<control type="group">
				<left>710</left>
				<top>70</top>
				<control type="image">
					<left>0</left>
					<top>0</top>
					<width>510</width>
					<height>300</height>
					<aspectratio>keep</aspectratio>
					<fadetime>IconCrossfadeTime</fadetime>
					<texture background="true">$INFO[ListItem.Icon]</texture>
					<bordertexture border="8">ThumbShadow.png</bordertexture>
					<bordersize>8</bordersize>
					<visible>!stringcompare(ListItem.Label,..)</visible>
				</control>
				<control type="image">
					<left>0</left>
					<top>0</top>
					<width>510</width>
					<height>300</height>
					<aspectratio>keep</aspectratio>
					<fadetime>IconCrossfadeTime</fadetime>
					<texture background="true" colordiffuse="$VAR[MainColorOne]">DefaultLogoReturn.png</texture>
					<bordertexture border="8">ThumbShadow.png</bordertexture>
					<bordersize>8</bordersize>
					<visible>stringcompare(ListItem.Label,..)</visible>
				</control>
				<control type="group">
					<top>310</top>
					<control type="label">
						<description>Born txt</description>
						<left>0</left>
						<top>0</top>
						<width>140</width>
						<height>25</height>
						<label>$LOCALIZE[21893]:</label>
						<align>right</align>
						<aligny>center</aligny>
						<font>font13_title</font>
						<textcolor>$VAR[MainColorOne]</textcolor>
						<visible>!IsEmpty(ListItem.Property(Artist_Born))</visible>
					</control>
					<control type="label">
						<description>Born Value</description>
						<left>150</left>
						<top>0</top>
						<width>350</width>
						<height>25</height>
						<label>$INFO[ListItem.Property(Artist_Born)]</label>
						<align>left</align>
						<aligny>center</aligny>
						<font>font13</font>
						<scroll>true</scroll>
						<visible>!IsEmpty(ListItem.Property(Artist_Born))</visible>
					</control>
					<control type="label">
						<description>Formed txt</description>
						<left>0</left>
						<top>0</top>
						<width>140</width>
						<height>25</height>
						<label>$LOCALIZE[21894]:</label>
						<align>right</align>
						<aligny>center</aligny>
						<font>font13_title</font>
						<textcolor>$VAR[MainColorOne]</textcolor>
						<visible>!IsEmpty(ListItem.Property(Artist_Formed))</visible>
					</control>
					<control type="label">
						<description>Formed Value</description>
						<left>150</left>
						<top>0</top>
						<width>350</width>
						<height>25</height>
						<label>$INFO[ListItem.Property(Artist_Formed)]</label>
						<align>left</align>
						<aligny>center</aligny>
						<font>font13</font>
						<scroll>true</scroll>
						<visible>!IsEmpty(ListItem.Property(Artist_Formed))</visible>
					</control>
					<control type="label">
						<description>Genre txt</description>
						<left>0</left>
						<top>30</top>
						<width>140</width>
						<height>25</height>
						<label>$LOCALIZE[515]:</label>
						<align>right</align>
						<aligny>center</aligny>
						<font>font13_title</font>
						<textcolor>$VAR[MainColorOne]</textcolor>
					</control>
					<control type="label">
						<description>Genre Value</description>
						<left>150</left>
						<top>30</top>
						<width>350</width>
						<height>25</height>
						<label fallback="416">$INFO[ListItem.Property(Artist_Genre)]</label>
						<align>left</align>
						<aligny>center</aligny>
						<font>font13</font>
						<scroll>true</scroll>
					</control>
					<control type="image">
						<left>0</left>
						<top>60</top>
						<width>510</width>
						<height>4</height>
						<texture>separator.png</texture>
					</control>
					<control type="textbox">
						<description>Description Value for Artist</description>
						<left>10</left>
						<top>72</top>
						<width>490</width>
						<height>190</height>
						<font>font13</font>
						<align>justify</align>
						<textcolor>$VAR[MainColorTwo]</textcolor>
						<label>$INFO[ListItem.Property(Artist_Description)]</label>
						<autoscroll time="2000" delay="3000" repeat="5000">!Skin.HasSetting(DisableAutoScroll)</autoscroll>
					</control>
				</control>
			</control>
		</control>
	</include>
	<include name="AlbumInfoListView">
		<control type="group">
			<visible>Control.IsVisible(513)</visible>
			<include>VisibleFadeEffect</include>
			<control type="list" id="513">
				<left>70</left>
				<top>75</top>
				<width>780</width>
				<height>561</height>
				<onleft>2</onleft>
				<onright>51360</onright>
				<onup>513</onup>
				<ondown>513</ondown>
				<viewtype label="$LOCALIZE[10523]">list</viewtype>
				<pagecontrol>51360</pagecontrol>
				<scrolltime>200</scrolltime>
				<visible>Container.Content(Albums)</visible>
				<itemlayout height="40" width="780">
					<control type="image">
						<left>0</left>
						<top>0</top>
						<width>780</width>
						<height>41</height>
						<texture border="0,2,0,2">MenuItemNF.png</texture>
					</control>
					<control type="label">
						<left>10</left>
						<top>0</top>
						<width>730</width>
						<height>40</height>
						<font>font13</font>
						<textcolor>grey2</textcolor>
						<selectedcolor>$VAR[SelectedColor]</selectedcolor>
						<align>left</align>
						<aligny>center</aligny>
						<label>$INFO[ListItem.Label]</label>
					</control>
					<control type="label">
						<left>60</left>
						<top>0</top>
						<width>700</width>
						<height>40</height>
						<font>font12</font>
						<textcolor>grey2</textcolor>
						<selectedcolor>$VAR[SelectedColor]</selectedcolor>
						<align>right</align>
						<aligny>center</aligny>
						<label>$INFO[ListItem.Label2]</label>
					</control>
				</itemlayout>
				<focusedlayout height="40" width="780">
					<control type="image">
						<left>0</left>
						<top>0</top>
						<width>780</width>
						<height>41</height>
						<texture border="0,2,0,2">MenuItemNF.png</texture>
						<visible>!Control.HasFocus(513)</visible>
						<include>VisibleFadeEffect</include>
					</control>
					<control type="image">
						<left>0</left>
						<top>0</top>
						<width>780</width>
						<height>41</height>
						<texture border="0,2,0,2" colordiffuse="$VAR[MenuBarColor]">MenuItemFO.png</texture>
						<visible>Control.HasFocus(513)</visible>
						<include>VisibleFadeEffect</include>
					</control>
					<!--control type="image">
						<left>580</left>
						<top>5</top>
						<width>200</width>
						<height>31</height>
						<texture border="0,0,14,0" colordiffuse="$VAR[MainColorOne]">MediaItemDetailBG.png</texture>
						<visible>Control.HasFocus(513) + !IsEmpty(ListItem.Label2)</visible>
					</control-->
					<control type="label">
						<left>10</left>
						<top>0</top>
						<width>730</width>
						<height>40</height>
						<font>font13</font>
						<textcolor>$VAR[MainColorTwo]</textcolor>
						<selectedcolor>$VAR[SelectedColor]</selectedcolor>
						<align>left</align>
						<aligny>center</aligny>
						<label>$INFO[ListItem.Label]</label>
					</control>
					<control type="label">
						<left>60</left>
						<top>0</top>
						<width>700</width>
						<height>40</height>
						<font>font12</font>
						<textcolor>grey2</textcolor>
						<selectedcolor>$VAR[SelectedColor]</selectedcolor>
						<align>right</align>
						<aligny>center</aligny>
						<label>$INFO[ListItem.Label2]</label>
					</control>
				</focusedlayout>
			</control>
			<control type="scrollbar" id="51360">
				<left>850</left>
				<top>78</top>
				<width>25</width>
				<height>560</height>
				<include>PageScrollBar</include>
				<onleft>513</onleft>
				<onright>800</onright>
				<showonepage>true</showonepage>
				<orientation>vertical</orientation>
				<visible>Control.IsVisible(513)</visible>
			</control>
			<control type="group">
				<left>910</left>
				<top>70</top>
				<control type="image">
					<left>10</left>
					<top>0</top>
					<width>290</width>
					<height>240</height>
					<aspectratio aligny="bottom">keep</aspectratio>
					<fadetime>IconCrossfadeTime</fadetime>
					<texture background="true">$INFO[ListItem.Icon]</texture>
					<bordertexture border="8">ThumbShadow.png</bordertexture>
					<bordersize>8</bordersize>
					<visible>!stringcompare(ListItem.Label,..)</visible>
				</control>
				<control type="image">
					<left>10</left>
					<top>0</top>
					<width>290</width>
					<height>240</height>
					<aspectratio aligny="bottom">keep</aspectratio>
					<fadetime>IconCrossfadeTime</fadetime>
					<texture background="true" colordiffuse="$VAR[MainColorOne]">DefaultLogoReturn.png</texture>
					<bordertexture border="8">ThumbShadow.png</bordertexture>
					<bordersize>8</bordersize>
					<visible>stringcompare(ListItem.Label,..)</visible>
				</control>
				<control type="label">
					<description>Description Header txt</description>
					<left>10</left>
					<top>240</top>
					<width>290</width>
					<height>25</height>
					<label>21821</label>
					<align>center</align>
					<aligny>center</aligny>
					<font>font12_title</font>
					<textcolor>$VAR[MainColorOne]</textcolor>
					<shadowcolor>black</shadowcolor>
				</control>
				<control type="textbox">
					<description>Description Value for Album</description>
					<left>10</left>
					<top>272</top>
					<width>290</width>
					<height>298</height>
					<font>font13</font>
					<align>justify</align>
					<pagecontrol>-</pagecontrol>
					<textcolor>$VAR[MainColorTwo]</textcolor>
					<label>$INFO[ListItem.Property(Album_Description)]</label>
					<autoscroll time="2000" delay="3000" repeat="5000">!Skin.HasSetting(DisableAutoScroll)</autoscroll>
				</control>
			</control>
		</control>
	</include>
</includes>
