<?xml version="1.0" encoding="UTF-8"?>
<window id="2003">
  <defaultcontrol always="false">8</defaultcontrol>
  <allowoverlay>no</allowoverlay>
  <include>OpenClose</include>
  <controls>
    <include>Background</include>
    <control type="image" description="Fanart">
      <visible>!IsEmpty(ListItem.Property(fanart_image)) + Skin.HasSetting(Fanart)</visible>
      <include>VisibleFade</include>
      <include>Dimensions_Fullscreen</include>
      <texture background="true">$INFO[ListItem.Icon]</texture>
      <aspectratio>scale</aspectratio>
      <colordiffuse>30FFFFFF</colordiffuse>
    </control>
    <control type="group" description="Poster">
      <control type="image" description="Thumb">
        <visible>!Container.Content(episodes)</visible>
        <left>-100</left>
        <top>60</top>
        <width>800</width>
        <height>800</height>
        <texture background="true" diffuse="images/diffuse.png">$INFO[ListItem.Icon]</texture>
        <aspectratio>keep</aspectratio>
      </control>
    </control>
    <control type="image" description="Thumb Season">
      <visible>Container.Content(episodes)</visible>
        <left>-100</left>
        <top>60</top>
        <width>800</width>
        <height>800</height>
      <texture>$INFO[ListItem.Art(season.poster)]</texture>
      <aspectratio>keep</aspectratio>
    </control>
    <control type="group">
      <left>595</left>
      <control type="label" description="title">
        <top>60</top>
        <width>1200</width>
        <height>50</height>
        <font>size39B</font>
        <align>Left</align>
		<textcolor>textcolor2</textcolor>
        <label>$INFO[ListItem.Title] $INFO[ListItem.Year, (,)]</label>
      </control>
      <control type="label">
        <top>96</top>
        <width>1000</width>
        <height>45</height>
        <font>size30</font>
        <textcolor>textcolor3</textcolor>
        <label>$INFO[ListItem.Studio]</label>
      </control>
      <control type="image" description="Stars rating">
        <left>1065</left>
        <top>75</top>
        <height>45</height>
        <width>135</width>
        <aspectratio align="right">keep</aspectratio>
        <texture>$INFO[ListItem.Rating,badges/,.png]</texture>
      </control>
      <control type="image" description="Line">
        <top>140</top>
        <height>1</height>
        <width>1250</width>
        <texture>images/LineL.png</texture>
      </control>
      <control type="textbox" id="4" description="plot">
		<left>50</left>
        <top>450</top>
        <width>1200</width>
        <height>750</height>
        <align>justify</align>
		<font>size34</font>
		<textcolor>textcolor2</textcolor>
      </control>

      <control type="image" description="Line">
        <top>140</top>
        <height>1</height>
        <width>1250</width>
        <texture>images/LineL.png</texture>
      </control>
	  
      <control type="group" description="List Info">
        <left>-450</left>
        <top>-100</top>
        <control type="group">
          <!--visible>![container.content(tvshows) | container.content(episodes) | SubString(Container.FolderPath,videodb://3,left) | Control.HasFocus(10)]</visible-->
          <include>VisibleFade</include>
          <control type="list">
            <left>400</left>
            <top>250</top>
            <width>900</width>
            <height>504</height>
            <onleft>noop</onleft>
            <onright>noop</onright>
            <onup>9000</onup>
            <ondown>9000</ondown>
            <pagecontrol>-</pagecontrol>
            <itemlayout height="26">
              <control type="label">
                <left>0</left>
                <top>0</top>
                <width>230</width>
                <height>45</height>
                <font>size24</font>
                <align>right</align>
                <aligny>center</aligny>
                <textcolor>textcolor3</textcolor>
                <!--selectedcolor>selected</selectedcolor-->
                <info>ListItem.Label</info>
              </control>
              <control type="label">
                <left>251</left>
                <top>0</top>
                <width>649</width>
                <height>45</height>
                <font>size24</font>
                <aligny>center</aligny>
                <textcolor>textcolor4</textcolor>
                <!--selectedcolor>selected</selectedcolor-->
                <info>ListItem.Label2</info>
              </control>
            </itemlayout>
            <focusedlayout height="26">
              <control type="label">
                <left>0</left>
                <top>0</top>
                <width>230</width>
                <height>45</height>
                <font>size24</font>
                <align>right</align>
                <aligny>center</aligny>
                <textcolor>textcolor3</textcolor>
                <!--selectedcolor>selected</selectedcolor-->
                <info>ListItem.Label</info>
              </control>
              <control type="label">
                <left>251</left>
                <top>0</top>
                <width>649</width>
                <height>45</height>
                <font>size24</font>
                <aligny>center</aligny>
                <textcolor>textcolor4</textcolor>
                <!--selectedcolor>Grey2</selectedcolor-->
                <info>ListItem.Label2</info>
              </control>
            </focusedlayout>
            <content>
              <item>
                <label>$LOCALIZE[20376]:</label>
                <label2>$INFO[ListItem.OriginalTitle]</label2>
                <onclick>noop</onclick>
                <visible>!IsEmpty(ListItem.OriginalTitle) + !stringcompare(ListItem.OriginalTitle,Listitem.Title)</visible>
              </item>
              <item>
                <label>$LOCALIZE[20339]:</label>
                <label2>$INFO[ListItem.Director]</label2>
                <onclick>noop</onclick>
                <visible>!IsEmpty(ListItem.Director)</visible>
              </item>
              <item>
                <label>$LOCALIZE[20417]:</label>
                <label2>$INFO[ListItem.Writer]</label2>
                <onclick>noop</onclick>
                <visible>!IsEmpty(ListItem.Writer)</visible>
              </item>
              <item>
                <label>$LOCALIZE[572]:</label>
                <label2>$INFO[ListItem.Studio]</label2>
                <onclick>noop</onclick>
                <visible>!IsEmpty(ListItem.Studio)</visible>
              </item>
              <item>
                <label>$LOCALIZE[515]:</label>
                <label2>$INFO[ListItem.Genre]</label2>
                <onclick>noop</onclick>
                <visible>!IsEmpty(ListItem.Genre)</visible>
              </item>
              <item>
                <label>$LOCALIZE[562]:</label>
                <label2>$INFO[ListItem.Year]</label2>
                <onclick>noop</onclick>
                <visible>!IsEmpty(ListItem.Year)</visible>
              </item>
              <item>
                <label>$LOCALIZE[2050]:</label>
                <label2>$INFO[ListItem.Duration] $LOCALIZE[12391]</label2>
                <onclick>noop</onclick>
                <visible>!IsEmpty(ListItem.Duration)</visible>
              </item>
              <item>
                <label>$LOCALIZE[563]:</label>
                <label2>$INFO[ListItem.RatingAndVotes]</label2>
                <onclick>noop</onclick>
                <visible>!IsEmpty(ListItem.RatingAndVotes)</visible>
              </item>
              <item>
                <label>$LOCALIZE[20074]:</label>
                <label2>$INFO[ListItem.mpaa]</label2>
                <onclick>noop</onclick>
                <visible>!IsEmpty(ListItem.mpaa)</visible>
              </item>
              <item>
                <label>$LOCALIZE[20364]:</label>
                <label2>$INFO[ListItem.TVShowTitle]</label2>
                <onclick>noop</onclick>
                <visible>!IsEmpty(ListItem.TVShowTitle)</visible>
              </item>
              <item>
                <label>$LOCALIZE[20373]:</label>
                <label2>$INFO[ListItem.Season]</label2>
                <onclick>noop</onclick>
                <visible>!IsEmpty(ListItem.Season)</visible>
              </item>
              <item>
                <label>$LOCALIZE[20359]:</label>
                <label2>$INFO[ListItem.Episode]</label2>
                <onclick>noop</onclick>
                <visible>!IsEmpty(ListItem.Episode)</visible>
              </item>
              <item>
                <label>$LOCALIZE[31024]:</label>
                <label2>$INFO[ListItem.Premiered]</label2>
                <onclick>noop</onclick>
                <visible>!IsEmpty(ListItem.Premiered)</visible>
              </item>
              <item>
                <label>$LOCALIZE[561]:</label>
                <label2>$INFO[ListItem.FileName]</label2>
                <onclick>noop</onclick>
                <visible>!IsEmpty(ListItem.FileName)</visible>
              </item>
              <item>
                <label>$LOCALIZE[573]:</label>
                <label2>$INFO[ListItem.Path]</label2>
                <onclick>noop</onclick>
                <visible>!IsEmpty(ListItem.Path)</visible>
              </item>
              <item>
                <label>$LOCALIZE[557]:</label>
                <label2>$INFO[ListItem.Artist]</label2>
                <onclick>noop</onclick>
                <visible>!IsEmpty(ListItem.Artist)</visible>
              </item>
              <item>
                <label>$LOCALIZE[558]:</label>
                <label2>$INFO[ListItem.Album]</label2>
                <onclick>noop</onclick>
                <visible>!IsEmpty(ListItem.Album)</visible>
              </item>
            </content>
          </control>
        </control>
      </control>
      <control type="grouplist">
        <top>900</top>
        <width>1200</width>
        <ondown>50</ondown>
        <itemgap>10</itemgap>
        <aligny>bottom</aligny>
        <left>-560</left>
        <orientation>horizontal</orientation>
        <control type="togglebutton" id="8" description="Play/browse to Show">
          <height>125</height>
          <width>125</width>
          <texturefocus>info/PlayFO.png</texturefocus>
          <texturenofocus>info/Play.png</texturenofocus>
          <alttexturefocus>info/BrowseFO.png</alttexturefocus>
          <alttexturenofocus>info/Browse.png</alttexturenofocus>
          <usealttexture>Container.Content(TVShows)</usealttexture>
        </control>
        <control type="button" id="299" description="Cinema">
          <visible>Container.Content(Movies) + system.hasaddon(script.cinema.experience)</visible>
          <height>125</height>
          <width>125</width>
          <texturefocus>info/CinemaFO.png</texturefocus>
          <texturenofocus>info/Cinema.png</texturenofocus>
          <onclick>Dialog.Close(all,true)</onclick>
          <onclick>Playlist.Clear</onclick>
          <onclick>RunScript(script.cinema.experience)</onclick>
        </control>
        <control type="button" id="11" description="Trailer">
          <height>125</height>
          <width>125</width>
          <texturefocus>info/trailerFO.png</texturefocus>
          <texturenofocus>info/trailer.png</texturenofocus>
          <visible>!IsEmpty(ListItem.Trailer)</visible>
        </control>
        <control type="button" id="6" description="Refresh">
          <height>125</height>
          <width>125</width>
          <texturefocus>info/refreshFO.png</texturefocus>
          <texturenofocus>info/refresh.png</texturenofocus>
        </control>
        <control type="button" id="10" description="Get Art">
          <height>125</height>
          <width>125</width>
          <texturefocus>info/getartFO.png</texturefocus>
          <texturenofocus>info/getart.png</texturenofocus>
        </control>
      </control>
    </control>
	


  </controls>
</window>
