<?xml version="1.0" encoding="UTF-8"?>
<includes>

<!-- HOME ATV4 ANIMATION (ZOOM) -->
  <include name="ATV4select">	
	<animation effect="zoom" start="100" end="130" time="120" center="auto" tween="Back" easing="Out">Focus</animation>
	<animation effect="zoom" start="130" end="100" time="120" center="auto">unFocus</animation>
  </include>

<!-- HOME ATV3 ANIMATION (SLIDER SELECTOR) -->
  <include name="ATV3select">
	<control type="image">
		<animation condition="!Container(9000).Row(0)" effect="slide" start="0,0" end="0,-629" time="220">Conditonal</animation>
		<centertop>826</centertop>
		<centerleft>241</centerleft>
		<width>366</width>
		<height>256</height>
		<texture>images/atv3slider.png</texture>
		<aspectratio>stretch</aspectratio>
		<animation condition="Container(9000).Column(0)" effect="slide" end="0,0" time="200">Conditional</animation>
		<animation condition="Container(9000).Column(1)" effect="slide" end="360,0" time="200">Conditional</animation>
		<animation condition="Container(9000).Column(2)" effect="slide" end="720,0" time="200">Conditional</animation>
		<animation condition="Container(9000).Column(3)" effect="slide" end="1080,0" time="200">Conditional</animation>
		<animation condition="Container(9000).Column(4)" effect="slide" end="1440,0" time="200">Conditional</animation>
		<animation condition="Container(9000).Row(0)" effect="slide" end="0,0" time="200">Conditional</animation>
		<animation condition="Container(9000).Row(1)" effect="slide" end="0,199" time="200">Conditional</animation>
		<animation condition="Container(9000).Row(2)" effect="slide" end="0,489" time="200">Conditional</animation>
		<animation condition="Container(9000).Row(3)" effect="slide" end="0,199" time="200">Conditional</animation>
		<animation condition="Container(9000).Row(4)" effect="slide" end="0,199" time="200">Conditional</animation>
		<animation condition="Container(9000).Row(5)" effect="slide" end="0,489" time="200">Conditional</animation>
		<animation condition="Container(9000).Row(6)" effect="slide" end="0,199" time="200">Conditional</animation>	
		<animation condition="Container(9000).Row(7)" effect="slide" end="0,489" time="200">Conditional</animation>
		<animation condition="Container(9000).Row(8)" effect="slide" end="0,779" time="200">Conditional</animation>		
	</control>	
  </include>

 <!-- HOME BANNER ANIMATION -->
  <include name="homebanner_animation">	 
	<animation condition="![Container(9000).Row(0)]" effect="slide" start="0,0" end="0,160" time="240">Conditonal</animation>
	<animation condition="![Container(9000).Row(0) | Container(9000).Row(1)]" effect="slide" start="0,0" end="0,290" time="240">Conditonal</animation>
	<animation condition="![Container(9000).Row(0) | Container(9000).Row(1) | Container(9000).Row(2)]" effect="slide" start="0,0" end="0,-290" time="240">Conditonal</animation>
	<animation condition="![Container(9000).Row(0) | Container(9000).Row(1) | Container(9000).Row(2) | Container(9000).Row(3) | Container(9000).Row(4)]" effect="slide" start="0,0" end="0,290" time="240">Conditonal</animation>
	<animation condition="![Container(9000).Row(0) | Container(9000).Row(1) | Container(9000).Row(2) | Container(9000).Row(3) | Container(9000).Row(4) | Container(9000).Row(5)]" effect="slide" start="0,0" end="0,-290" time="240">Conditonal</animation>
	<animation condition="![Container(9000).Row(0) | Container(9000).Row(1) | Container(9000).Row(2) | Container(9000).Row(3) | Container(9000).Row(4) | Container(9000).Row(5) | Container(9000).Row(6)]" effect="slide" start="0,0" end="0,289" time="240">Conditonal</animation>
  </include> 
  <include name="homebanner_static">	 
    <animation condition="!Container(9000).Row(0)" effect="slide" start="0,0" end="0,-131" time="220">Conditonal</animation>
	<animation condition="[![Container(9000).Row(0) | Container(9000).Row(1) | Container(9000).Row(2)]]" effect="slide" start="0,0" end="0,-900" time="220">Conditonal</animation>
  </include> 
  
<!-- LIST PANELS -- BUTTONSELECTOR-->
  <include name="right_listpanel_texfocus">	    
	<texturefocus border="8">special://skin/icons/homebar.png</texturefocus>
  </include>
   <include name="right_listpanel_alttexfocus">	    
	<alttexturefocus border="8">special://skin/icons/homebar.png</alttexturefocus> 
  </include> 
  <include name="right_listpanel_texnofocus">	    
	<texturenofocus border="8" colordiffuse="77FFFFFF">special://skin/icons/homebar.png</texturenofocus> 
  </include>    
  <include name="right_listpanel_unfocused">	    
	<texture colordiffuse="77FFFFFF">special://skin/icons/homebar.png</texture>
  </include>
   <include name="right_listpanel_focused">	    
	<texture>images/White.png</texture>
  </include> 
  <include name="right_listpanel_focused_shadow">	
	<texture>shadow.png</texture>
  </include> 
          
<!--SEEKBAR BACKGROUND -->
  <include name="seekbar_bkgd">	
	<texture diffuse="images/WhiteTrans.png">$VAR[OtherBG]</texture>  
	<!--texture colordiffuse="seekbar">images/White.png</texture-->	
	<!--texture colordiffuse="77D7D7D7">images/White.png</texture-->	
  </include>
        
  <include name="DialogButt">
    <width>576</width>
    <textoffsetx>0</textoffsetx>
    <align>center</align>
    <aligny>center</aligny>
    <font>size34</font>
    <disabledcolor>Grey</disabledcolor>
    <alttexturenofocus colordiffuse="77FFFFFF">images/White.png</alttexturenofocus>
    <texturefocus>images/White.png</texturefocus>
    <alttexturefocus>images/White.png</alttexturefocus>
  </include>   
  <include name="Scrollanim">
    <animation condition="Control.HasFocus(60)" effect="fade" start="100" end="0" time="250" reversible="true">Conditional</animation>
  </include>
  <include name="Keyboardbuttons">
    <animation effect="zoom" start="100" end="120" time="120" center="auto" tween="Back" easing="Out">Focus</animation>
    <animation effect="zoom" start="120" end="100" time="120" center="auto">unFocus</animation>
    <width>125</width>
    <height>40</height>
    <align>center</align>
    <aligny>center</aligny>
    <font>size27</font>
  </include>
  <include name="left_Panel">
    <control type="group"  description="Thumb no info">
      <visible>IsEmpty(ListItem.Plot)</visible>
      <animation effect="fade" delay="100" time="300">Visible</animation>
      <animation effect="fade" time="0">Hidden</animation>
      <control type="image" description="Thumb">
        <centerleft>500</centerleft>
        <centertop>540</centertop>
        <width>800</width>
        <height>800</height>
        <include>Icon_Fade</include>
        <texture diffuse="images/Diffuse.png" background="true">$VAR[Locandine]</texture>
        <aspectratio aligny="center">keep</aspectratio>
      </control>
    </control>
    <control type="group" description="Thumbs with info">
      <visible>!IsEmpty(ListItem.Plot)</visible>
      <animation effect="fade" time="400">Visible</animation>
      <animation effect="fade" time="0">Hidden</animation>
	<control type="image">
		<visible>!Container.content(episodes)</visible>
		<centerleft>500</centerleft>
        <top>130</top>
        <width>650</width>
        <height>900</height>
		<texture colordiffuse="77FFFFFF">special://skin/icons/homebar.png</texture>
		<aspectratio>scale</aspectratio>
	</control>
	<control type="image">
		<visible>Container.content(episodes)</visible>
		<centerleft>500</centerleft>
        <top>130</top>
        <width>800</width>
        <height>450</height>
		<texture colordiffuse="77FFFFFF">special://skin/icons/homebar.png</texture>
		<aspectratio>scale</aspectratio>
	</control>
      <control type="image" description="Thumb">
		<visible>!Container.content(episodes)</visible>
        <centerleft>500</centerleft>
        <top>185</top>
        <width>800</width>
        <height>800</height>
        <include>Icon_Fade</include>
        <texture background="true">$INFO[ListItem.Icon]</texture>
        <aspectratio aligny="bottom">keep</aspectratio>
      </control>
      <include>Unwatched</include>
      <control type="image" description="Thumb">
		<visible>Container.content(episodes)</visible>
        <centerleft>500</centerleft>
        <top>585</top>
        <width>800</width>
        <height>425</height>
        <include>Icon_Fade</include>
        <texture background="true">$INFO[ListItem.Icon]</texture>
        <aspectratio>scale</aspectratio>
      </control>
      <include>Unwatched</include> 
      <control type="image" description="Stars">
        <visible>!IsEmpty(ListItem.Rating)</visible>
        <centerleft>500</centerleft>
        <top>130</top>
        <height>24</height>
        <width>135</width>
        <aspectratio align="right">keep</aspectratio>
        <texture colordiffuse="textcolor2">$INFO[ListItem.Rating,badges/,.png]</texture>
      </control>
      <control type="label" description="Genre">
        <centerleft>500</centerleft>
        <top>160</top>
        <height>24</height>
        <width>650</width>
                       <font>size24</font>
                        <align>center</align>
						<textcolor>50details</textcolor>
                        <label>$INFO[ListItem.Year] - $INFO[ListItem.Genre]</label>
      </control>
      <!--control type="image">
        <top>570</top>
        <width>756</width>
        <height>1</height>
        <texture>images/Line.png</texture>
      </control-->
      <control type="textbox" description="plot">
		<visible>Container.Content(episodes)</visible>
		<centerleft>500</centerleft>
        <top>200</top>
        <width>750</width>
        <height>365</height>
        <align>center</align>
		<font>size30</font>
        <label>$INFO[ListItem.Plot]</label>
      </control>
      <!--control type="image">
        <top>920</top>
        <width>756</width>
        <height>1</height>
        <texture>images/Line.png</texture>
      </control-->
    </control>
  </include>
  <include name="left_Panel_livetv">
    <control type="group" description="Thumbs with info">
      <top>80</top>
      <left>120</left>
      <animation effect="fade" time="400">Visible</animation>
      <animation effect="fade" time="0">Hidden</animation>
      <include>Unwatched</include>
      <!--control type="image">
        <top>550</top>
        <width>756</width>
        <height>1</height>
        <texture>images/Line.png</texture>
      </control-->
      <control type="textbox" description="plot">
        <top>550</top>
        <width>756</width>
        <height>350</height>
        <align>justify</align>
		<font>size28</font>
        <label>$INFO[ListItem.Plot]</label>
      </control>
      <!--control type="image">
        <top>900</top>
        <width>756</width>
        <height>1</height>
        <texture>images/Line.png</texture>
      </control-->
    </control>
  </include>
  <include name="left_Panel_plain">
    <control type="group" description="Thumbs no info">
      <animation effect="fade" delay="100" time="300">Visible</animation>
      <animation effect="fade" time="0">Hidden</animation>
      <control type="image" description="Thumb">
        <centerleft>480</centerleft>
        <centertop>540</centertop>
        <width>800</width>
        <height>800</height>
        <include>Icon_Fade</include>
        <texture diffuse="images/Diffuse.png" background="true">$INFO[ListItem.Icon]</texture>
        <aspectratio aligny="center">keep</aspectratio>
      </control>
    </control>
  </include>
  <include name="left_Panel_square">
    <control type="group" description="Thumbs info">
      <visible>![Container.Content(Movies) | Container.Content(Seasons) | Container.Content(tvshows) | Container.Content(Songs)]</visible>
      <visible>[!IsEmpty(ListItem.Property(Album_Description)) + Container.Content(Albums)] | [!IsEmpty(ListItem.Property(Artist_Description)) + Container.Content(artists)]</visible>
      <animation effect="fade" time="400">Visible</animation>
      <animation effect="fade" time="0">Hidden</animation>
      <control type="image" description="Fanart">
        <visible>Container.Content(artists)</visible>
        <centerleft>500</centerleft>
        <width>760</width>
        <height>440</height>
        <bottom>580</bottom>
        <include>Icon_Fade</include>
        <texture diffuse="images/Diffuse.png" background="true">$INFO[ListItem.Art(fanart)]</texture>
        <aspectratio aligny="bottom">keep</aspectratio>
      </control>
      <control type="image">
        <visible>Container.Content(Albums)</visible>
        <centerleft>500</centerleft>
        <bottom>580</bottom>
        <width>460</width>
        <height>460</height>
        <include>Icon_Fade</include>
        <texture diffuse="images/Diffuse.png" background="true">$INFO[ListItem.Icon]</texture>
        <aspectratio aligny="bottom">keep</aspectratio>
      </control>
      <control type="textbox">
        <centerleft>500</centerleft>
        <top>520</top>
        <width>760</width>
        <height>560</height>
        <align>justify</align>
        <autoscroll delay="3000" time="5000" repeat="10000"></autoscroll>
		<font>size28</font>
        <label>$VAR[Plots]</label>
      </control>
    </control>
    <control type="group" description="Thumbs no info">
      <visible>!container.content(songs)</visible>
      <visible>IsEmpty(ListItem.Property(Artist_Description))</visible>
      <visible>IsEmpty(ListItem.Property(Album_Description))</visible>
      <animation effect="fade" delay="100" time="300">Visible</animation>
      <animation effect="fade" time="0">Hidden</animation>
      <control type="image" description="Thumb">
        <centerleft>500</centerleft>
        <centertop>540</centertop>
        <width>700</width>
        <height>700</height>
        <include>Icon_Fade</include>
        <texture diffuse="images/Diffuse.png" background="true">$INFO[ListItem.Icon]</texture>
        <aspectratio aligny="center">keep</aspectratio>
      </control>
    </control>
    <control type="group" description="Songs">
      <visible>Container.content(Songs) + !ListItem.IsFolder</visible>
      <animation effect="fade" time="400">Visible</animation>
      <animation effect="fade" time="0">Hidden</animation>
      <left>0</left>
      <control type="group" description="Music Square">
        <left>225</left>
        <top>90</top>
        <control type="image" description="Thumb">
          <width>600</width>
          <height>600</height>
          <include>Icon_Fade</include>
          <texture background="true" fallback="defaultalbumcover.png">$INFO[ListItem.Thumb]</texture>
          <aspectratio aligny="bottom">keep</aspectratio>
        </control>
      </control>
    </control>
  </include>
  <include name="SlimListItemCount">
    <animation effect="slide" start="0,0" end="0,-405" time="0" condition="StringCompare(Container.NumItems,1)">conditional</animation>
    <animation effect="slide" start="0,0" end="0,-324" time="0" condition="StringCompare(Container.NumItems,2)">conditional</animation>
    <animation effect="slide" start="0,0" end="0,-324" time="0" condition="StringCompare(Container.NumItems,3)">conditional</animation>
    <animation effect="slide" start="0,0" end="0,-243" time="0" condition="StringCompare(Container.NumItems,4)">conditional</animation>
    <animation effect="slide" start="0,0" end="0,-243" time="0" condition="StringCompare(Container.NumItems,5)">conditional</animation>
    <animation effect="slide" start="0,0" end="0,-162" time="0" condition="StringCompare(Container.NumItems,6)">conditional</animation>
    <animation effect="slide" start="0,0" end="0,-162" time="0" condition="StringCompare(Container.NumItems,7)">conditional</animation>
    <animation effect="slide" start="0,0" end="0,-81" time="0" condition="StringCompare(Container.NumItems,8)">conditional</animation>
    <animation effect="slide" start="0,0" end="0,-81" time="0" condition="StringCompare(Container.NumItems,9)">conditional</animation>
  </include>
  <include name="LargeListItemCount">
    <animation effect="slide" start="0,0" end="0,-333" time="0" condition="StringCompare(Container.NumItems,1)">conditional</animation>
    <animation effect="slide" start="0,0" end="0,-222" time="0" condition="StringCompare(Container.NumItems,2)">conditional</animation>
    <animation effect="slide" start="0,0" end="0,-222" time="0" condition="StringCompare(Container.NumItems,3)">conditional</animation>
    <animation effect="slide" start="0,0" end="0,-111" time="0" condition="StringCompare(Container.NumItems,4)">conditional</animation>
    <animation effect="slide" start="0,0" end="0,-111" time="0" condition="StringCompare(Container.NumItems,5)">conditional</animation>
  </include>
  <include name="FullscreenInfoLabel">
    <left>400</left>
    <width>1120</width>
    <scroll>false</scroll>
    <align>center</align>
    <font>size42B</font>
    <textcolor>Yellow</textcolor>
  </include>
  <include name="MusicInfo">
    <control type="group" description="Songs and Music Videos">
      <visible>!ListItem.IsFolder</visible>
      <left>120</left>
      <top>57</top>
      <control type="group">
        <top>765</top>
        <control type="label" description="Title">
          <top>-92</top>
          <font>size30</font>
          <textcolor>textcolor2</textcolor>
          <width>608</width>
          <height>36</height>
          <align>left</align>
          <scroll>false</scroll>
          <label>[B]$INFO[ListItem.Title][/B]</label>
        </control>
        <control type="image" description="Rating">
          <top>-45</top>
          <height>27</height>
          <width>150</width>
          <colordiffuse>White2</colordiffuse>
          <aspectratio align="left">keep</aspectratio>
          <texture>$INFO[ListItem.StarRating]</texture>
        </control>
        <control type="image" description="Separator">
          <left>0</left>
          <height>1</height>
          <width>780</width>
          <aspectratio>stretch</aspectratio>
          <texture>images/Liner.png</texture>
        </control>
        <control type="image" description="Separator">
          <left>0</left>
          <top>180</top>
          <height>1</height>
          <width>760</width>
          <aspectratio>stretch</aspectratio>
          <texture>images/LineL.png</texture>
        </control>
        <control type="grouplist" description="Labels">
          <left>20</left>
          <top>18</top>
          <width>808</width>
          <orientation>vertical</orientation>
          <control type="label" description="Album">
            <font>size30</font>
            <width>750</width>
            <height>30</height>
            <textcolor>Grey</textcolor>
            <scroll>false</scroll>
            <label>$LOCALIZE[558]:  [COLOR=textcolor2]$INFO[ListItem.Album][/COLOR]</label>
          </control>
          <control type="label" description="Genre">
            <font>size30</font>
            <width>750</width>
            <height>30</height>
            <textcolor>Grey</textcolor>
            <label>$LOCALIZE[515]:  [COLOR=textcolor2]$INFO[ListItem.Genre][/COLOR]</label>
          </control>
          <control type="label" description="Type">
            <font>size30</font>
            <width>750</width>
            <height>30</height>
            <textcolor>Grey</textcolor>
            <label>$LOCALIZE[564]:  [COLOR=textcolor2][UPPERCASE]$INFO[ListItem.FileExtension][/UPPERCASE][/COLOR]</label>
          </control>
          <control type="label" description="Duration">
            <font>size30</font>
            <width>750</width>
            <height>30</height>
            <textcolor>Grey</textcolor>
            <label>$LOCALIZE[180]:  [COLOR=textcolor2]$INFO[ListItem.Duration][/COLOR]</label>
          </control>
        </control>
      </control>
    </control>
  </include>
  <include name="MusicRating">
    <height>24</height>
    <width>135</width>
    <aspectratio align="right">keep</aspectratio>
    <texture>$INFO[ListItem.StarRating]</texture>
  </include>
  <include name="slider">
    <control type="image">
      <animation effect="fade" time="100">VisibleChange</animation>
      <left>-27</left>
      <top>383</top>
      <width>855</width>
      <height>126</height>
      <texture border="32">images/Slider.png</texture>
      <aspectratio>stretch</aspectratio>
    </control>
  </include>
  <include name="52MainLabel">
    <left>45</left>
    <height>70</height>
    <width>630</width>
    <aligny>center</aligny>
    <font>size34</font>
    <textcolor>textcolor</textcolor>
    <shadowcolor>-</shadowcolor>
	<scroll>false</scroll>
  </include>
  <include name="52MainLabelFO">
    <left>45</left>
    <height>70</height>
    <width>630</width>
    <aligny>center</aligny>
    <font>size34</font>
    <textcolor>textcolor</textcolor>
    <shadowcolor>-</shadowcolor>
	<scroll>true</scroll>
  </include>
  <include name="52Label2">
    <right>42</right>
    <height>70</height>
    <width>120</width>
    <font>size27</font>
    <scroll>false</scroll>
    <textcolor>50details</textcolor>
    <align>right</align>
  </include>
  <include name="52Label2FO">
    <right>42</right>
    <height>70</height>
    <width>120</width>
    <font>size27</font>
    <scroll>false</scroll>
    <textcolor>dimgray</textcolor>
    <align>right</align>
  </include>
  <include name="50Title">
    <left>128</left>
    <top>10</top>
    <height>40</height>
    <width>720</width>
    <textcolor>textcolor</textcolor>
    <aligny>center</aligny>
    <font>size34</font>
    <scroll>false</scroll>
  </include>
  <include name="50TitleFO">
    <left>128</left>
    <top>10</top>
    <height>40</height>
    <width>720</width>
    <aligny>center</aligny>
    <font>size34</font>
	<scroll>true</scroll>
  </include>
  <include name="50details">
    <left>128</left>
    <top>58</top>
    <height>33</height>
    <width>350</width>
    <font>size27</font>
    <textcolor>50details</textcolor>
    <scroll>false</scroll>
  </include>
  <include name="50detailsFO">
    <animation effect="fade" time="200" start="50" end="100" delay="100">Focus</animation>
    <left>128</left>
    <top>58</top>
    <height>33</height>
    <width>350</width>
    <font>size27</font>
    <textcolor>dimgray</textcolor>
  </include>
  <include name="SettingsLabel2">
    <right>0</right>
    <top>0</top>
    <height>81</height>
    <width>450</width>
    <font>size27</font>
    <scroll>false</scroll>
    <haspath>true</haspath>
    <align>right</align>
    <textcolor>textcolor</textcolor>
    <shadowcolor>-</shadowcolor>
  </include>  
  <include name="HD_Badge">
    <control type="image">
      <animation effect="slide" end="0,-16" condition="ListItem.IsStereoscopic | Control.Isvisible(50) | !IsEmpty(ListItem.Premiered)">Conditional</animation>
      <animation effect="slide" end="0,-14" condition="ListItem.IsStereoscopic + Control.Isvisible(50)">Conditional</animation>

      <visible>!IsEmpty(ListItem.VideoResolution)</visible>
      <visible>IntegerGreaterThan(ListItem.VideoResolution,700)</visible>
      <left>81r</left>
      <height>111</height>
      <width>42</width>
      <aspectratio>keep</aspectratio>
      <texture>badges/720.png</texture>
    </control>
    <control type="image">
      <visible>ListItem.IsStereoscopic</visible>
      <animation effect="slide" end="0,-14" condition="ListItem.IsStereoscopic + Control.Isvisible(50)">Conditional</animation>
      <top>30</top>
      <left>81r</left>
      <height>80</height>
      <width>42</width>
      <aspectratio>keep</aspectratio>
      <texture>badges/3d.png</texture>
    </control>
  </include>
  <include name="HD_BadgeLW">
    <control type="image">
      <animation effect="slide" end="0,-16" condition="ListItem.IsStereoscopic | Control.Isvisible(50) | !IsEmpty(ListItem.Premiered)">Conditional</animation>
      <animation effect="slide" end="0,-14" condition="ListItem.IsStereoscopic + Control.Isvisible(50)">Conditional</animation>

      <visible>!IsEmpty(ListItem.VideoResolution)</visible>
      <visible>IntegerGreaterThan(ListItem.VideoResolution,700)</visible>
      <left>81r</left>
      <height>111</height>
      <width>42</width>
      <aspectratio>keep</aspectratio>
      <texture>badges/720.png</texture>
    </control>
    <control type="image">
      <visible>ListItem.IsStereoscopic</visible>
      <animation effect="slide" end="0,-14" condition="ListItem.IsStereoscopic + Control.Isvisible(50)">Conditional</animation>
      <visible>IntegerGreaterThan(ListItem.VideoResolution,700)</visible>
      <top>30</top>
      <left>81r</left>
      <height>80</height>
      <width>42</width>
      <aspectratio>keep</aspectratio>
      <texture>badges/3d.png</texture>
    </control>
  </include>
  <include name="Unwatched">
    <control type="group">
      <visible>!IsEmpty(ListItem.Property(UnwatchedEpisodes)) + [container.content(TVshows) | container.content(seasons)] + !StringCompare(ListItem.Property(UnwatchedEpisodes),0)</visible>
      <animation effect="fade" time="200" delay="300">Visible</animation>
      <animation effect="fade" end="0">Hidden</animation>
      <control type="image">
        <top>480</top>
        <left>140</left>
        <height>55</height>
        <width>80</width>
        <aspectratio>keep</aspectratio>
        <texture>badges/Badgecount.png</texture>
      </control>
      <control type="label" description="Label2">
        <top>480</top>
        <left>140</left>
        <height>44</height>
        <width>80</width>
        <font>size30</font>
        <align>center</align>
        <textcolor>White3</textcolor>
		<shadowcolor>Black</shadowcolor>
        <label>$INFO[ListItem.Property(UnwatchedEpisodes)]</label>
      </control>
    </control>
  </include>
  
  <include name="Unwatched_Fanart">
      <control type="label" description="Label2">

        <bottom>80</bottom>
        <left>140</left>
        <height>44</height>
        <width>80</width>
        <font>size30</font>
        <align>center</align>
        <textcolor>White3</textcolor>
		<shadowcolor>Black</shadowcolor>
        <label>$INFO[ListItem.Property(UnwatchedEpisodes)]</label>
      </control>
  </include>







  
  <include name="Arrow">
    <control type="image" description="arrow">
      <visible>[Window.IsActive(Settings.xml) | ListItem.IsFolder] + ![StringCompare(ListItem.Label,..) | ListItem.IsCollection  | container.content(Movies) | container.content(TVshows) | container.content(Seasons) | container.content(Episodes) | container.content(musicvideos) | container.content(songs) | container.content(addons) | SubString(Container.FolderPath,plugin://,left)]</visible>
      <right>0</right>
      <height>70</height>
      <width>54</width>
      <aspectratio>keep</aspectratio>
      <texture>images/Arrow.png</texture>
    </control>
  </include>
  <include name="Sets">
    <control type="image" description="Sets">
      <visible>Window.IsActive(MyVideoNav.xml)</visible>
      <visible>SubString(ListItem.Path,videodb://1/7)</visible>
      <left>82r</left>
      <height>70</height>
      <width>45</width>
      <aspectratio align="right">keep</aspectratio>
      <texture>badges/sets.png</texture>
    </control>
  </include>
  <include name="SetsFO">
    <control type="image" description="Sets">
      <visible>Window.IsActive(MyVideoNav.xml)</visible>
      <visible>SubString(ListItem.Path,videodb://1/7)</visible>
      <left>82r</left>
      <height>81</height>
      <width>45</width>
      <aspectratio align="right">keep</aspectratio>
      <texture>badges/setsFO.png</texture>
    </control>
  </include>
  <include name="SetsLW">
    <control type="image" description="Sets">
      <visible>Window.IsActive(MyVideoNav.xml)</visible>
      <visible>SubString(ListItem.Path,videodb://1/7)</visible>
      <left>82r</left>
      <height>111</height>
      <width>45</width>
      <aspectratio align="right">keep</aspectratio>
      <texture>badges/sets.png</texture>
    </control>
  </include>
  <include name="SetsFOLW">
    <control type="image" description="Sets">
      <visible>Window.IsActive(MyVideoNav.xml)</visible>
      <visible>SubString(ListItem.Path,videodb://1/7)</visible>
      <left>82r</left>
      <height>111</height>
      <width>45</width>
      <aspectratio align="right">keep</aspectratio>
      <texture>badges/setsFO.png</texture>
    </control>
  </include>
  <include name="LargeListAddonsLayout">
    <itemlayout width="802" height="111">
      <control type="image">
        <height>100</height>
        <width>805</width>
        <include>right_listpanel_unfocused</include>
      </control>	
	  <control type="image">
		<left>702</left>
        <height>100</height>
        <width>100</width>
        <texture>$INFO[ListItem.Icon]</texture>
		<aspectratio>scale</aspectratio>
      </control>
      <control type="label" description="Main Label">
        <visible>IsEmpty(ListItem.Label2)</visible>
        <top>27</top>
        <width>600</width>
        <include>50Title</include>
        <label>$INFO[ListItem.Label]</label>
      </control>
      <control type="label" description="Main Label">
        <visible>!IsEmpty(ListItem.Label2)</visible>
        <width>600</width>
        <include>50Title</include>
        <label>$INFO[ListItem.Label]</label>
      </control>
      <control type="label" description="Label2">
        <width>600</width>
        <include>50details</include>
        <label>$INFO[ListItem.Label2]</label>
      </control>
    </itemlayout>
    <focusedlayout width="802" height="111">
      <control type="group">
        <animation effect="zoom" time="120" start="100" end="105" center="auto" tween="Back" easing="Out">Focus</animation>
        <control type="image">
          <top>22</top>
          <left>-50</left>
          <height>100</height>
          <width>905</width>
          <include>right_listpanel_focused_shadow</include>
        </control>
        <control type="image">
          <height>100</height>
          <width>805</width>
          <include>right_listpanel_focused</include>
        </control>	  
		  <control type="image">
			<left>702</left>
			<height>100</height>
			<width>100</width>
			<texture>$INFO[ListItem.Icon]</texture>
			<aspectratio>scale</aspectratio>		
		  </control>
      </control>
      <control type="label" description="Main Label">
        <visible>IsEmpty(ListItem.Label2)</visible>
        <top>27</top>
        <width>600</width>
        <include>50TitleFO</include>
        <label>$INFO[ListItem.Label]</label>
      </control>
      <control type="label" description="Main Label">
        <visible>!IsEmpty(ListItem.Label2)</visible>
        <width>600</width>
        <include>50TitleFO</include>
        <label>$INFO[ListItem.Label]</label>
      </control>
      <control type="label" description="Label2">
        <width>600</width>
        <include>50detailsFO</include>
        <label>$INFO[ListItem.Label2]</label>
      </control>
    </focusedlayout>
  </include>
  <include name="LargeListLayout">
    <itemlayout  width="802" height="111">
      <control type="image">
        <height>100</height>
        <width>805</width>
        <include>right_listpanel_unfocused</include>

      </control>
	  <control type="image">
		
		<left>702</left>
        <height>100</height>
        <width>100</width>
        <texture>$INFO[ListItem.Icon]</texture>
		<aspectratio>scale</aspectratio>
      </control>
	  <control type="image">
		<visible>Container.Content(TVShows) | Container.Content(Seasons) | Container.Content(Movies) | Container.Content(episodes) | Control.IsVisible(13) | Control.IsVisible(10)</visible>
		<left>4</left>
		<height>81</height>
		<width>30</width>
		<texture colordiffuse="lime">$VAR[WatchStatus,overlay/List/]</texture>
		<aspectratio>keep</aspectratio>
	  </control>
      <include>HD_BadgeLW</include>
      <include>SetsLW</include>
      <control type="group">
        <animation condition="IsEmpty(ListItem.Label2) + IsEmpty(ListItem.Duration) + IsEmpty(ListItem.Year) + IsEmpty(ListItem.Artist)" effect="slide" start="0,0" end="0,18" time="0" reversible="true">Conditional</animation>
        <control type="label" description="Main Label">
          <visible>![ListItem.IsFolder | IntegerGreaterThan(ListItem.VideoResolution,700)]</visible>
          <left>45</left>
          <width>630</width>
          <include>50Title</include>
          <label>$INFO[ListItem.label]</label>
        </control>
        <control type="label" description="Main Label">
          <visible>IntegerGreaterThan(ListItem.VideoResolution,700) | ListItem.IsFolder</visible>
          <left>45</left>
          <width>630</width>
          <include>50Title</include>
          <label>$INFO[ListItem.label]</label>
        </control>
      </control>
      <control type="group">
        <control type="label" description="Label2">
          <visible>Container.Content(Movies) + !IsEmpty(ListItem.Duration)</visible>
          <width>630</width>
          <left>45</left>
          <include>50details</include>
		  <!--label>$INFO[ListItem.Year]$INFO[ListItem.Duration, • , $LOCALIZE[31038]]$INFO[ListItem.label2, • ]</label-->
          <label>$INFO[ListItem.Year] • $INFO[ListItem.Duration]min</label>
        </control>	
        <control type="label" description="Label2">
          <visible>!ListItem.IsFolder + !IsEmpty(ListItem.Artist)</visible>
          <width>630</width>
          <left>45</left>
          <include>50details</include>
		  <!--label>$INFO[ListItem.Year]$INFO[ListItem.Duration, • , $LOCALIZE[31038]]$INFO[ListItem.label2, • ]</label-->
          <label>$INFO[ListItem.Year] • $INFO[ListItem.Duration]min • $INFO[ListItem.Artist]</label>
        </control>				
        <control type="label" description="Label2">
          <visible>[container.content(TVShows) | container.content(seasons) | container.content(episodes)] + !IsEmpty(ListItem.Duration)</visible>
          <left>45</left>
          <align>left</align>
          <include>50details</include>
          <label>$INFO[ListItem.Year] • $INFO[ListItem.Duration]min</label>
        </control>
      </control>
    </itemlayout>
    <focusedlayout width="802" height="111">
      <control type="group">
        <animation effect="zoom" time="120" start="100" end="105" center="auto" tween="Back" easing="Out">Focus</animation>
        <control type="image">
          <top>22</top>
          <left>-50</left>
          <height>100</height>
          <width>905</width>
          <include>right_listpanel_focused_shadow</include>
        </control>
        <control type="image">
          <height>100</height>
          <width>805</width>
          <include>right_listpanel_focused</include>
        </control>
	  <control type="image">
		<left>702</left>
        <height>100</height>
        <width>100</width>
        <texture>$INFO[ListItem.Icon]</texture>
		<aspectratio>scale</aspectratio>		
      </control>
	    <control type="image">
		  <visible>Container.Content(TVShows) | Container.Content(Seasons) | Container.Content(Movies) | Container.Content(episodes) | Control.IsVisible(13) | Control.IsVisible(10)</visible>
		  <left>4</left>
		  <height>81</height>
		  <width>30</width>
		  <texture>$VAR[WatchStatus,overlay/List/FO/]</texture>
		  <aspectratio>keep</aspectratio>
	    </control>
        <include>HD_BadgeLW</include>
        <include>SetsFOLW</include>
        <control type="group">
          <animation condition="IsEmpty(ListItem.Label2) + IsEmpty(ListItem.Duration) + IsEmpty(ListItem.Year)  + IsEmpty(ListItem.Artist)" effect="slide" start="0,0" end="0,18" time="0" reversible="true">Conditional</animation>
          <control type="label" description="Main Label">
            <visible>![ListItem.IsFolder | IntegerGreaterThan(ListItem.VideoResolution,700)]</visible>
            <left>45</left>
            <width>630</width>
            <include>50TitleFO</include>
            <label>$INFO[ListItem.label]</label>
          </control>
          <control type="label" description="Main Label">
            <visible>IntegerGreaterThan(ListItem.VideoResolution,700) | ListItem.IsFolder</visible>
            <left>45</left>
            <width>630</width>
            <include>50TitleFO</include>
            <label>$INFO[ListItem.label]</label>
          </control>
        </control>
        <control type="group">
		  <control type="label" description="Label2">
			<visible>Container.Content(Movies) + !IsEmpty(ListItem.Duration)</visible>
			<width>630</width>
			<left>45</left>
			<include>50detailsFO</include>
			<!--label>$INFO[ListItem.Year]$INFO[ListItem.Duration, • , $LOCALIZE[31038]]$INFO[ListItem.label2, • ]</label-->
			<label>$INFO[ListItem.Year] • $INFO[ListItem.Duration]min</label>
		  </control>	
			<control type="label" description="Label2">
			<visible>!IsEmpty(ListItem.Artist) + !Container.Content(Movies)</visible>
			<width>630</width>
			<left>45</left>
			<include>50detailsFO</include>
			<!--label>$INFO[ListItem.Year]$INFO[ListItem.Duration, • , $LOCALIZE[31038]]$INFO[ListItem.label2, • ]</label-->
			<label>$INFO[ListItem.Year] • $INFO[ListItem.Duration]min • $INFO[ListItem.Artist]</label>
		  </control>
          <control type="label" description="Label2">
            <visible>[container.content(TVShows) | container.content(seasons) | container.content(episodes)] + !IsEmpty(ListItem.Duration)</visible>
            <left>45</left>
            <align>left</align>
            <include>50detailsFO</include>
            <label>$INFO[ListItem.Year] • $INFO[ListItem.Duration]min</label>
          </control>
        </control>
      </control>
    </focusedlayout>
  </include>
  <include name="ButtonMenu">
    <width>525</width>
    <height>69</height>
    <font>size34</font>
    <align>left</align>
    <textoffsetx>20</textoffsetx>
    <!--texturefocus border="8">images/Buttonselect.png</texturefocus-->
	<!--alttexturefocus border="8">images/Buttonselect.png</alttexturefocus-->	
	<include>right_listpanel_texfocus</include>
	<include>right_listpanel_alttexfocus</include>
  </include>
  <include name="SmallButt">
    <width>200</width>
    <height>40</height>
    <font>size22</font>
    <align>center</align>
    <!--texturefocus border="8">images/Buttonselect.png</texturefocus-->
    <!--alttexturefocus border="8">images/Buttonselect.png</alttexturefocus-->
	<include>right_listpanel_texfocus</include>
	<include>right_listpanel_alttexfocus</include>
  </include>
  <include name="DialogGLs">
    <centerleft>960</centerleft>
    <top>354</top>
    <width>576</width>
    <height>380</height>
    <itemgap>10</itemgap>
    <onleft>50</onleft>
    <onright>50</onright>
    <onup>9000</onup>
    <ondown>9000</ondown>
    <scrolltime>200</scrolltime>
    <orientation>vertical</orientation>
  </include>
  <include name="Plot51Commons">
    <left>0</left>
    <top>48</top>
    <width>758</width>
    <height>168</height>
    <font>size30</font>
    <textcolor>textcolor2</textcolor>
    <align>justify</align>
    <aligny>bottom</aligny>
    <autoscroll delay="8000" time="4300" repeat="10000"></autoscroll>
  </include>
  <include name="Genre51Commons">
    <top>-9</top>
    <font>size30</font>
    <textcolor>Grey</textcolor>
    <width>758</width>
    <height>36</height>
    <align>center</align>
    <scroll>false</scroll>
  </include>
  <include name="TitleCommons">
    <font>size39B</font>
    <textcolor>White</textcolor>
    <shadowcolor>Black</shadowcolor>
  </include>
  <include name="Keyboard">
    <texturefocus border="8">images/Buttonselect.png</texturefocus>
    <align>center</align>
    <aligny>center</aligny>
    <textoffsetx>0</textoffsetx>
    <width>75</width>
    <height>75</height>
    <font>size42B</font>
  </include>
  <include name="DetailsVideoInfoCommons">
    <left>0</left>
    <width>270</width>
    <height>38</height>
    <align>left</align>
    <scroll>false</scroll>
    <font>size26</font>
  </include>
  <include name="Genre52Commons">
    <top>-24</top>
    <font>size27</font>
    <textcolor>Silver</textcolor>
    <width>762</width>
    <height>36</height>
    <align>left</align>
    <scroll>false</scroll>
  </include>
  <include name="FlagsAudioInfo">
    <control type="group" description="Furniture">
      <control type="grouplist">
        <left>0</left>
        <width>690</width>
        <height>36</height>
        <itemgap>30</itemgap>
        <orientation>horizontal</orientation>
        <align>left</align>
        <aligny>center</aligny>
        <control type="image" description="Rating">
          <left>102</left>
          <top>1035</top>
          <height>36</height>
          <width>150</width>
          <colordiffuse>Silver</colordiffuse>
          <aspectratio align="left">keep</aspectratio>
          <texture>$INFO[ListItem.StarRating]</texture>
        </control>
        <control type="image">
          <visible>Container.content(songs) + !IsEmpty(ListItem.FileExtension)</visible>
          <left>777</left>
          <top>1034</top>
          <height>45</height>
          <width>90</width>
          <bordersize>3</bordersize>
          <aspectratio>keep</aspectratio>
          <colordiffuse>Silver</colordiffuse>
          <texture>$INFO[ListItem.FileExtension,badges/audio/,.png]</texture>
        </control>
      </control>
    </control>
  </include>
  <include name="SettingsSubmenuButtons">
    <width>720</width>
    <textoffsetx>22</textoffsetx>
    <height>54</height>
    <align>left</align>
    <font>size30</font>
    <disabledcolor>Grey</disabledcolor>
  </include>
  <include name="Help_Panel">
    <animation effect="fade" time="200">VisibleChange</animation>
    <width>460</width>
    <height>380</height>
    <aspectratio align="center" aligny="bottom">keep</aspectratio>
  </include>
  <include name="CustomizerList">
    <include>ShelfFade</include>
    <onup>303</onup>
    <ondown>50</ondown>
    <left>72</left>
    <top>120</top>
    <width>1776</width>
    <height>402</height>
    <orientation>horizontal</orientation>
    <scrolltime>400</scrolltime>
    <itemlayout height="357" width="354">
      <control type="label">
        <centerleft>178</centerleft>
        <top>178</top>
        <width>345</width>
        <height>30</height>
        <font>size26</font>
        <textcolor>White2</textcolor>
        <label>+ $INFO[ListItem.label2]</label>
        <align>center</align>
      </control>
      <control type="image">
        <left>27</left>
        <top>27</top>
        <width>303</width>
        <height>303</height>
        <texture background="true">default$INFO[ListItem.label2].png</texture>
        <colordiffuse>33FFFFFF</colordiffuse>
        <aspectratio>scale</aspectratio>
      </control>
      <control type="image">
        <left>27</left>
        <top>27</top>
        <width>303</width>
        <height>303</height>
        <texture background="true">$INFO[ListItem.Thumb]</texture>
        <aspectratio>scale</aspectratio>
      </control>
    </itemlayout>
    <focusedlayout height="357" width="354">
      <control type="label">
        <centerleft>178</centerleft>
        <top>178</top>
        <width>345</width>
        <height>30</height>
        <font>size26</font>
        <textcolor>White2</textcolor>
        <label>+ $INFO[ListItem.Label2]</label>
        <align>center</align>
      </control>
      <control type="image">
        <left>27</left>
        <top>27</top>
        <width>303</width>
        <height>303</height>
        <texture background="true">default$INFO[ListItem.label2].png</texture>
        <colordiffuse>33FFFFFF</colordiffuse>
        <aspectratio>scale</aspectratio>
      </control>
      <control type="image">
        <left>27</left>
        <top>27</top>
        <width>303</width>
        <height>303</height>
        <texture background="true">$INFO[ListItem.Thumb]</texture>
        <aspectratio>scale</aspectratio>
      </control>
      <control type="image">
        <left>17</left>
        <top>17</top>
        <width>323</width>
        <height>323</height>
        <texture border="10">images/generalslider.png</texture>
      </control>
      <control type="label" description="title">
        <centerleft>177</centerleft>
        <top>310</top>
        <width>360</width>
        <align>center</align>
        <label>$INFO[ListItem.label]</label>
      </control>
    </focusedlayout>
  </include>
  <include name="Left_Panel_Addons">
    <control type="group" description="Stage">
      <visible>IsEmpty(Container.FolderPath)</visible>
      <control type="image" description="Thumb">
        <left>262</left>
        <top>180</top>
        <width>495</width>
        <height>495</height>
        <include>Icon_Fade</include>
        <texture background="true">DefaultAddon.png</texture>
        <aspectratio scalediffuse="false">scale</aspectratio>
      </control>
      <control type="label" description="Updates">
        <left>135</left>
        <top>675</top>
        <width>750</width>
        <height>81</height>
        <align>center</align>
        <textcolor>selectedtext</textcolor>
        <label>$INFO[Control.GetLabel(5)]</label>
      </control>
      <control type="label" description="Notifications">
        <left>135</left>
        <top>765</top>
        <width>750</width>
        <height>81</height>
        <align>center</align>
        <textcolor>selectedtext</textcolor>
        <label>$INFO[Control.GetLabel(6)]</label>
      </control>
    </control>
    <control type="group" description="Thumbs no info">
      <top>240</top>
      <visible>ListItem.IsFolder + !IsEmpty(Container.FolderPath)</visible>
      <animation effect="fade" time="400">Visible</animation>
      <animation effect="fade" time="0">Hidden</animation>
      <control type="image" description="Thumb">
        <left>180</left>
        <top>0</top>
        <width>621</width>
        <height>621</height>
        <include>Icon_Fade</include>
        <texture background="true">$INFO[ListItem.Icon]</texture>
        <aspectratio aligny="bottom">keep</aspectratio>
      </control>
    </control>
    <control type="group" description="Faded Info thumbs">
      <visible>!ListItem.IsFolder</visible>
      <animation effect="fade" time="400">Visible</animation>
      <animation effect="fade" time="10">Hidden</animation>
      <control type="group">
        <left>260</left>
        <top>80</top>
        <control type="image" description="Thumb">
          <width>500</width>
          <height>500</height>
          <include>Icon_Fade</include>
          <texture background="true">$INFO[ListItem.Icon]</texture>
          <aspectratio aligny="bottom">keep</aspectratio>
        </control>
      </control>
    </control>
    <control type="group" description="Addon Description">
      <visible>!ListItem.IsFolder</visible>
      <animation effect="fade" delay="100" time="300">Visible</animation>
      <animation effect="fade" time="10">Hidden</animation>
      <left>150</left>
      <top>27</top>
      <control type="group">
        <top>610</top>
        <control type="label">
          <left>-20</left>
          <width>758</width>
          <font>size33B</font>
          <textcolor>textcolor2</textcolor>
          <include>Genre51Commons</include>
          <label>$INFO[ListItem.Label]</label>
        </control>
        <control type="textbox">
		  <top>48</top>
		  <width>758</width>
		  <height>210</height>
		  <font>size28</font>
		  <textcolor>textcolor2</textcolor>
		  <align>justify</align>
		  <aligny>bottom</aligny>
		  <autoscroll delay="8000" time="4300" repeat="10000"></autoscroll>
          <label>$VAR[Plots]</label>
        </control>
        <control type="label" description="Bottom Label">
          <top>260</top>
          <include>Genre51Commons</include>
          <label>$INFO[ListItem.Genre]</label>
        </control>
        <control type="label" description="Bottom Label">
          <visible>container.content(addons)</visible>
          <top>260</top>
          <scroll>true</scroll>
          <include>Genre51Commons</include>
          <label>$INFO[ListItem.Property(Addon.Disclaimer)]</label>
        </control>
        <control type="label" description="More Info">
          <top>300</top>
          <include>Genre51Commons</include>
          <label>$INFO[ListItem.Property(Addon.Version),$LOCALIZE[24051] ]$VAR[TopLabel, • ]</label>
        </control>
      </control>
    </control>
  </include>
  <include name="statusbiglist">
    <control type="image">
      <left>710</left>
      <top>11</top>
      <width>78</width>
      <height>77</height>
      <texture>$INFO[ListItem.Icon]</texture>
      <visible>![ListItem.IsRecording | ListItem.HasTimer]</visible>
    </control>
    <control type="image" description="rec">
      <left>720</left>
      <top>11</top>
      <height>78</height>
      <width>78</width>
      <texture>pvr/rec.png</texture>
      <visible>ListItem.IsRecording</visible>
    </control>
    <control type="image" description="timer">
      <left>720</left>
      <top>11</top>
      <height>78</height>
      <width>78</width>
      <texture>pvr/timer.png</texture>
      <visible>!ListItem.IsRecording + ListItem.HasTimer</visible>
    </control>
  </include>
  <include name="SlimListLayout">
    <itemlayout width="802" height="81">
      <control type="image">
        <height>70</height>
        <width>805</width>
        <include>right_listpanel_unfocused</include>
      </control>
      <control type="image">
        <visible>Container.Content(TVShows) | Container.Content(Seasons) | Container.Content(Movies) | Container.Content(episodes) | Control.IsVisible(13) | Control.IsVisible(10)</visible>
        <left>4</left>
        <height>81</height>
        <width>30</width>
        <texture>$VAR[WatchStatus,overlay/List/]</texture>
        <aspectratio>keep</aspectratio>
      </control>
      <include>HD_Badge</include>
      <include>Arrow</include>
      <control type="label" description="Main Label">
        <visible>IntegerGreaterThan(ListItem.VideoResolution,700) | ListItem.IsFolder</visible>
        <include>52MainLabel</include>
        <label>$INFO[ListItem.Label]</label>
      </control>
      <control type="label" description="Main Label">
        <visible>![IntegerGreaterThan(ListItem.VideoResolution,700) | ListItem.IsFolder]</visible>
        <width>711</width>
        <include>52MainLabel</include>
        <label>$INFO[ListItem.Label]</label>
      </control>
      <control type="label" description="Label2">
        <visible>container.content(songs) | container.content(musicvideos)</visible>
        <include>52Label2</include>
        <label>$INFO[ListItem.Duration]</label>
      </control>
    </itemlayout>
    <focusedlayout width="802" height="81">
      <control type="group">
        <animation effect="zoom" time="120" start="100" end="105" center="auto" tween="Back" easing="Out">Focus</animation>
        <control type="image">
          <top>12</top>
          <left>-50</left>
          <height>70</height>
          <width>905</width>
          <include>right_listpanel_focused_shadow</include>
        </control>
        <control type="image">
          <height>70</height>
          <width>805</width>
          <include>right_listpanel_focused</include>
        </control>
		<control type="image">
		  <visible>Container.Content(TVShows) | Container.Content(Seasons) | Container.Content(Movies) | Container.Content(episodes) | Control.IsVisible(13) | Control.IsVisible(10)</visible>
		  <left>4</left>
		  <height>81</height>
		  <width>30</width>
		  <texture>$VAR[WatchStatus,overlay/List/FO/]</texture>
		  <aspectratio>keep</aspectratio>
		</control>
        <include>HD_Badge</include>
        <include>Arrow</include>
        <control type="label" description="Main Label">
          <visible>IntegerGreaterThan(ListItem.VideoResolution,700) | ListItem.IsFolder</visible>
          <include>52MainLabelFO</include>
          <label>$INFO[ListItem.Label]</label>
        </control>
        <control type="label" description="Main Label">
          <visible>![IntegerGreaterThan(ListItem.VideoResolution,700) | ListItem.IsFolder]</visible>
          <width>711</width>
          <include>52MainLabelFO</include>
          <label>$INFO[ListItem.Label]</label>
        </control>
        <control type="label" description="Label2">
          <visible>container.content(songs) | container.content(musicvideos)</visible>
          <include>52Label2FO</include>
          <label>$INFO[ListItem.Duration]</label>
        </control>
      </control>
    </focusedlayout>
  </include>
</includes>
