<colors>
	<color name="Grey">FF838383</color>
	<color name="Grey2">FFBEBEBE</color>
	<color name="Grey3">FFACACAC</color>
	<color name="Grey4">FF404040</color> <!--DARK GREY-->		
	<color name="White">FF000000</color>
	<color name="White2">FFEEEEEE</color>  <!-- TO CHANGE TO textcolor3 -->
	<color name="White3">FFFFFFFF</color><!-- TEMP - CHANGE - WILL BE DEFAULT WHITE -->
	<color name="Red">FFFF0000</color>
	<color name="Blue">FF2261B4</color>
	<color name="Black">FF000000</color>  
	
	<color name="textcolor">FF000000</color>  <!-- BLACK - MAINLY BANNER LABELS-->	
	<color name="textcolor2">FFFFFFFF</color>   <!-- WHITE FOR BLACK(DEFAULT) THEME & BLACK FOR WHITE THEME-->	
	<color name="textcolor3">77FFFFFF</color>  <!-- TEXT UNFOCUSED -->
	<color name="textcolor4">FFEEEEEE</color> <!-- TEXT FOCUSED - HEADERS  - -  -->	
	<color name="seekbar">DD161616</color> <!-- SEEKBAR BACKGROUND  -->		
	<color name="selectedtext">FFFF0000</color> <!-- RED-DEFAULT THEME / PURPLE-WHITE THEME  -->		
	<color name="50details">77FFFFFF</color> <!-- ALL DETAILS & MEDIA INFO  -->		
	<color name="shelftitle">FFEEEEEE</color> <!-- CHANGE TO DIMGREY FOR WHITE THEME  -->
	
    <color name="inverted">FF000000</color>	
	
	<color name="buttondiffuseNF">77FFFFFF</color> 
	
	<color name="BlackT">55000000</color>
	<color name="BlackST">90000000</color>
	<color name="Silver">FFE0E0E0</color>
	<color name="Diffuse">FFA0A0A0</color>
	<color name="Diffuse2">FF474747</color>
	<color name="Disabled">FF5E5E5E</color>	
	<color name="Shadow">70000000</color>
	<color name="ShadowDark">FF262626</color>
	<color name="Yellow">FFFA9600</color>
	<color name="Background">FF000000</color>	
</colors>
